h3_id,area_km2,population_total,population_density,elderly_ratio,income_bracket_norm,dist_nearest_hospital,hospitals_in_5km,hospital_coverage_ratio,coverage_gap,road_accessibility_index,traffic_density,priority_score,priority_class
883da10219fffff,0.9927,5039.921875,5077.0,0.085,0.5,1.862,35,1.0,0.0,0.0,0.0,21.8,Low
883da102e3fffff,0.9919,0.0,0.0,0.085,0.5,5.504,0,0.0,1.0,0.0,0.0,55.0,Medium
883da115ebfffff,0.9939,0.0,0.0,0.085,0.5,2.556,19,1.0,0.0,0.0,0.0,20.0,Low
883da1151dfffff,0.9942,5377.05908203125,5408.0,0.085,0.5,0.496,50,1.0,0.0,0.2695,138.81,19.2,Low
883da11521fffff,0.9932,0.0,0.0,0.085,0.5,1.034,45,1.0,0.0,0.0959,32.22,19.0,Low
883da102e7fffff,0.9917,18869.599609375,19028.0,0.085,0.5,5.891,0,0.0,1.0,0.0,0.0,61.6,Medium
883da11457fffff,0.9962,7698.95068359375,7728.0,0.085,0.5,1.318,21,1.0,0.0,0.0,0.0,22.7,Low
883da115e7fffff,0.9934,19583.51171875,19714.0,0.085,0.5,3.533,15,1.0,0.0,0.0,0.0,26.8,Low
883da1021dfffff,0.9925,4451.5224609375,4485.0,0.085,0.5,2.367,23,1.0,0.0,0.0,0.0,21.6,Low
883da112bbfffff,0.9956,21694.55078125,21790.0,0.085,0.5,0.263,32,1.0,0.0,0.6576,387.71,21.0,Low
883da112c3fffff,0.9963,71987.515625,72255.0,0.085,0.5,3.816,7,1.0,0.0,0.0,0.0,45.0,Medium
883da11525fffff,0.993,9315.822265625,9381.0,0.085,0.5,1.28,41,1.0,0.0,0.0,0.0,23.2,Low
883da102ebfffff,0.9922,22485.48828125,22662.0,0.085,0.5,4.604,5,1.0,0.0,0.0,0.0,27.8,Low
883da10221fffff,0.9915,16766.115234375,16910.0,0.085,0.5,4.07,6,1.0,0.0,0.0,0.0,25.9,Low
883da112c7fffff,0.9961,33615.05078125,33747.0,0.085,0.5,3.832,7,1.0,0.0,0.0,0.0,31.7,Low
883da11059fffff,0.9951,8738.2333984375,8781.0,0.085,0.5,2.111,5,1.0,0.0,0.0,0.0,23.0,Low
883da10215fffff,0.9922,10541.0166015625,10624.0,0.085,0.5,3.162,16,1.0,0.0,0.0,0.0,23.7,Low
883da11529fffff,0.9935,7642.26318359375,7692.0,0.085,0.5,0.154,48,1.0,0.0,0.8532,705.59,14.1,Low
883da11133fffff,0.9918,4599.912109375,4638.0,0.085,0.5,5.432,0,0.0,1.0,0.0,0.0,56.6,Medium
883da18da1fffff,0.9968,37808.515625,37930.0,0.085,0.5,2.178,20,1.0,0.0,0.0,0.0,33.1,Medium
883da10225fffff,0.9912,11186.3447265625,11286.0,0.085,0.5,4.766,5,1.0,0.0,0.0,0.0,23.9,Low
883da11519fffff,0.9945,2324.64013671875,2337.0,0.085,0.5,1.361,48,1.0,0.0,0.0959,15.08,19.8,Low
883da112cbfffff,0.9966,36929.5234375,37056.0,0.085,0.5,4.676,5,1.0,0.0,0.0,0.0,32.8,Low
883da111edfffff,0.992,7801.46435546875,7864.0,0.085,0.5,4.567,2,1.0,0.0,0.0,0.0,22.7,Low
883da1152dfffff,0.9932,6493.31201171875,6538.0,0.085,0.5,0.365,48,1.0,0.0,0.3124,188.28,19.1,Low
883da115e3fffff,0.9937,19726.1328125,19851.0,0.085,0.5,3.454,14,1.0,0.0,0.0,0.0,26.9,Low
883da11463fffff,0.9955,0.0,0.0,0.085,0.5,0.906,34,1.0,0.0,0.3861,84.38,16.1,Low
883da112b7fffff,0.995,6785.158203125,6819.0,0.085,0.5,0.972,31,1.0,0.0,0.1151,4.02,21.2,Low
883da18da5fffff,0.9966,69140.09375,69376.0,0.085,0.5,1.815,26,1.0,0.0,0.0,0.0,44.0,Medium
883da10229fffff,0.9917,4099.64208984375,4134.0,0.085,0.5,3.196,7,1.0,0.0,0.0,0.0,21.4,Low
883da11531fffff,0.9935,22028.8828125,22173.0,0.085,0.5,1.225,37,1.0,0.0,0.0,0.0,27.7,Low
883da11467fffff,0.9952,3215.959716796875,3231.0,0.085,0.5,0.363,47,1.0,0.0,0.5585,175.84,15.5,Low
883da1022dfffff,0.9915,17891.814453125,18045.0,0.085,0.5,3.946,7,1.0,0.0,0.173,89.76,24.5,Low
883da11055fffff,0.9946,7580.24755859375,7621.0,0.085,0.5,1.422,5,1.0,0.0,0.0,0.0,22.6,Low
883da10211fffff,0.9925,9269.0673828125,9339.0,0.085,0.5,2.734,26,1.0,0.0,0.0,0.0,23.2,Low
883da1144bfffff,0.9965,44510.55078125,44667.0,0.085,0.5,0.514,18,1.0,0.0,0.0598,29.1,34.9,Medium
883da112d3fffff,0.9966,42080.3125,42224.0,0.085,0.5,2.549,21,1.0,0.0,0.0,0.0,34.6,Medium
883da102dbfffff,0.9932,25839.962890625,26017.0,0.085,0.5,3.444,13,1.0,0.0,0.0,0.0,29.0,Low
883da11535fffff,0.9932,24526.330078125,24694.0,0.085,0.5,1.837,32,1.0,0.0,0.0,0.0,28.5,Low
883da11515fffff,0.994,13142.9833984375,13222.0,0.085,0.5,0.651,45,1.0,0.0,0.2162,144.87,22.4,Low
883da1146bfffff,0.9958,4138.0283203125,4155.0,0.085,0.5,0.266,28,1.0,0.0,0.7364,298.25,14.1,Low
883da111e9fffff,0.9923,6095.994140625,6143.0,0.085,0.5,3.705,2,1.0,0.0,0.0,0.0,22.1,Low
883da18dadfffff,0.9968,45325.34375,45471.0,0.085,0.5,2.71,19,1.0,0.0,0.0,0.0,35.7,Medium
883da10231fffff,0.9917,18449.32421875,18604.0,0.085,0.5,4.235,5,1.0,0.0,0.0,0.0,26.4,Low
883da112d7fffff,0.9963,40253.15234375,40403.0,0.085,0.5,2.263,23,1.0,0.0,0.0,0.0,34.0,Medium
883da112b3fffff,0.9953,18066.63671875,18152.0,0.085,0.5,0.957,35,1.0,0.0,0.4446,149.7,21.8,Low
883da11539fffff,0.9937,0.0,0.0,0.085,0.5,0.306,46,1.0,0.0,0.0958,15.1,19.0,Low
883da10235fffff,0.9915,16210.2158203125,16349.0,0.085,0.5,4.639,2,1.0,0.0,0.0,0.0,25.7,Low
883da112dbfffff,0.9968,43534.10546875,43674.0,0.085,0.5,3.435,9,1.0,0.0,0.0,0.0,35.1,Medium
883da1153dfffff,0.9935,43418.54296875,43703.0,0.085,0.5,0.995,39,1.0,0.0,0.0,0.0,35.1,Medium
883da10239fffff,0.992,13371.5849609375,13479.0,0.085,0.5,3.323,12,1.0,0.0,0.0,0.0,24.7,Low
883da11051fffff,0.9948,0.0,0.0,0.085,0.5,1.221,5,1.0,0.0,0.0,0.0,20.0,Low
883da1020dfffff,0.9922,5220.10791015625,5261.0,0.085,0.5,1.658,16,1.0,0.0,0.0,0.0,21.8,Low
883da11447fffff,0.996,11158.84765625,11204.0,0.085,0.5,0.273,25,1.0,0.0,0.7222,493.98,16.7,Low
883da11541fffff,0.9945,9492.8115234375,9545.0,0.085,0.5,0.311,55,1.0,0.0,0.7287,397.18,16.0,Low
883da1111bfffff,0.9928,4887.34716796875,4923.0,0.085,0.5,4.076,3,1.0,0.0,0.0,0.0,21.7,Low
883da102d7fffff,0.9927,22495.681640625,22661.0,0.085,0.5,4.515,6,1.0,0.0,0.0,0.0,27.8,Low
883da11511fffff,0.9942,22257.99609375,22388.0,0.085,0.5,1.171,43,1.0,0.0,0.0,0.0,27.7,Low
883da11081fffff,0.994,0.0,0.0,0.085,0.5,1.401,41,1.0,0.0,0.4556,116.7,15.4,Low
883da111e5fffff,0.9918,7045.94921875,7104.0,0.085,0.5,4.508,2,1.0,0.0,0.0,0.0,22.5,Low
883da1023dfffff,0.9917,13258.841796875,13370.0,0.085,0.5,3.719,8,1.0,0.0,0.0,0.0,24.6,Low
883da112e3fffff,0.9956,22637.611328125,22738.0,0.085,0.5,3.192,9,1.0,0.0,0.0,0.0,27.9,Low
883da11545fffff,0.9942,14299.4599609375,14383.0,0.085,0.5,0.582,59,1.0,0.0,0.5916,295.72,19.1,Low
883da11085fffff,0.9938,7269.01513671875,7314.0,0.085,0.5,1.572,34,1.0,0.0,0.0998,11.07,21.5,Low
883da10241fffff,0.9927,0.0,0.0,0.085,0.5,0.149,19,1.0,0.0,0.2907,63.46,17.1,Low
883da11ad3fffff,0.9913,9462.267578125,9545.0,0.085,0.5,4.476,1,1.0,0.0,0.0,0.0,23.3,Low
883da112e7fffff,0.9953,34850.18359375,35015.0,0.085,0.5,2.354,10,1.0,0.0,0.0,0.0,32.1,Low
883da11549fffff,0.9948,0.0,0.0,0.085,0.5,0.505,67,1.0,0.0,0.5595,83.43,14.4,Low
883da11089fffff,0.9943,7025.60498046875,7066.0,0.085,0.5,0.564,34,1.0,0.0,0.3261,46.26,19.2,Low
883da10209fffff,0.9925,8126.00830078125,8187.0,0.085,0.5,0.98,20,1.0,0.0,0.3619,168.26,19.2,Low
883da10245fffff,0.9925,8984.1015625,9052.0,0.085,0.5,1.053,17,1.0,0.0,0.4994,431.23,18.1,Low
883da11443fffff,0.9963,8053.2998046875,8083.0,0.085,0.5,0.207,23,1.0,0.0,0.3538,154.57,19.3,Low
883da112ebfffff,0.9958,15466.220703125,15531.0,0.085,0.5,3.943,9,1.0,0.0,0.0,0.0,25.4,Low
883da102d3fffff,0.9929,17416.755859375,17541.0,0.085,0.5,4.297,7,1.0,0.0,0.0,0.0,26.1,Low
883da11117fffff,0.9923,5677.642578125,5722.0,0.085,0.5,4.544,1,1.0,0.0,0.0,0.0,22.0,Low
883da1150dfffff,0.994,24262.09375,24409.0,0.085,0.5,0.553,46,1.0,0.0,0.5599,283.7,22.8,Low
883da1154dfffff,0.9945,8039.3974609375,8084.0,0.085,0.5,0.373,61,1.0,0.0,0.2507,44.24,20.3,Low
883da111e1fffff,0.992,8006.10693359375,8071.0,0.085,0.5,3.844,2,1.0,0.0,0.0,0.0,22.8,Low
883da10249fffff,0.993,5327.7958984375,5365.0,0.085,0.5,0.655,23,1.0,0.0,0.4477,156.09,17.4,Low
883da1108dfffff,0.994,5467.982421875,5501.0,0.085,0.5,1.473,31,1.0,0.0,0.0,0.0,21.9,Low
883da11adbfffff,0.9915,10074.552734375,10161.0,0.085,0.5,4.396,1,1.0,0.0,0.0,0.0,23.5,Low
883da112abfffff,0.9953,22986.892578125,23095.0,0.085,0.5,1.928,23,1.0,0.0,0.0,0.0,28.0,Low
883da11551fffff,0.9947,1682.2904052734375,1691.0,0.085,0.5,0.832,59,1.0,0.0,0.3256,65.35,17.3,Low
883da11091fffff,0.9943,7632.73876953125,7676.0,0.085,0.5,0.947,56,1.0,0.0,0.5874,39.22,16.8,Low
883da1024dfffff,0.9927,4321.85009765625,4354.0,0.085,0.5,1.1,17,1.0,0.0,0.3141,191.4,18.4,Low
883da11555fffff,0.9945,6126.32958984375,6160.0,0.085,0.5,0.566,55,1.0,0.0,0.4104,137.76,18.0,Low
883da1031bfffff,0.991,0.0,0.0,0.085,0.5,5.619,0,0.0,1.0,0.0,0.0,55.0,Medium
883da10205fffff,0.992,12256.888671875,12356.0,0.085,0.5,2.547,12,1.0,0.0,0.0,0.0,24.3,Low
883da1176bfffff,0.9958,8635.20703125,8672.0,0.085,0.5,0.327,36,1.0,0.0,0.4113,60.25,18.9,Low
883da11095fffff,0.994,5602.27685546875,5636.0,0.085,0.5,1.481,54,1.0,0.0,0.1403,5.03,20.5,Low
883da10251fffff,0.993,0.0,0.0,0.085,0.5,1.009,39,1.0,0.0,0.0,0.0,20.0,Low
883da11113fffff,0.9925,5655.03662109375,5698.0,0.085,0.5,3.784,4,1.0,0.0,0.0,0.0,22.0,Low
883da11559fffff,0.995,0.0,0.0,0.085,0.5,0.363,59,1.0,0.0,0.5862,214.07,14.1,Low
883da11509fffff,0.9942,12467.841796875,12541.0,0.085,0.5,0.342,50,1.0,0.0,0.2748,90.53,21.6,Low
883da11099fffff,0.9945,0.0,0.0,0.085,0.5,0.915,58,1.0,0.0,0.4317,86.48,15.7,Low
883da111ddfffff,0.993,5165.3525390625,5202.0,0.085,0.5,0.771,10,1.0,0.0,0.4083,95.67,17.7,Low
883da10255fffff,0.9927,5157.78076171875,5196.0,0.085,0.5,0.751,28,1.0,0.0,0.0,0.0,21.8,Low
883da11627fffff,0.9965,24762.470703125,24849.0,0.085,0.5,1.812,24,1.0,0.0,0.0,0.0,28.6,Low
883da100c1fffff,0.9909,8513.451171875,8592.0,0.085,0.5,9.575,0,0.0,1.0,0.0,0.0,58.0,Medium
883da112a7fffff,0.9948,23344.810546875,23467.0,0.085,0.5,1.077,21,1.0,0.0,0.0031,2.01,28.1,Low
883da1155dfffff,0.9947,2820.94873046875,2836.0,0.085,0.5,0.365,56,1.0,0.0,0.5199,149.79,15.8,Low
883da1109dfffff,0.9943,12330.724609375,12401.0,0.085,0.5,1.497,55,1.0,0.0,0.3715,33.19,20.6,Low
883da10259fffff,0.9932,5460.65869140625,5498.0,0.085,0.5,0.871,43,1.0,0.0,0.1078,2.01,20.8,Low
883da100c5fffff,0.9907,1830.699951171875,1848.0,0.085,0.5,10.064,0,0.0,1.0,0.0,0.0,55.6,Medium
883da11561fffff,0.9937,12932.74609375,13015.0,0.085,0.5,0.645,52,1.0,0.0,0.8622,340.14,15.9,Low
883da10201fffff,0.9922,9067.5068359375,9139.0,0.085,0.5,1.883,15,1.0,0.0,0.0,0.0,23.2,Low
883da11767fffff,0.9953,9448.263671875,9493.0,0.085,0.5,0.601,43,1.0,0.0,0.235,42.2,20.9,Low
883da1143bfffff,0.9955,2458.564208984375,2470.0,0.085,0.5,1.529,21,1.0,0.0,0.0,0.0,20.9,Low
883da1025dfffff,0.993,6375.70849609375,6421.0,0.085,0.5,0.692,33,1.0,0.0,0.2699,10.07,19.5,Low
883da102cbfffff,0.9929,27523.099609375,27720.0,0.085,0.5,2.699,28,1.0,0.0,0.0,0.0,29.6,Low
883da110a1fffff,0.9933,6051.28173828125,6092.0,0.085,0.5,0.364,21,1.0,0.0,0.8654,284.91,13.5,Low
883da11505fffff,0.9937,10597.07421875,10664.0,0.085,0.5,0.214,45,1.0,0.0,0.8212,627.96,15.5,Low
883da100c9fffff,0.9912,25446.048828125,25672.0,0.085,0.5,8.653,0,0.0,1.0,0.0,0.0,63.9,Medium
883da111d9fffff,0.9933,0.0,0.0,0.085,0.5,1.182,11,1.0,0.0,0.2721,22.15,17.3,Low
883da11565fffff,0.9935,6106.10546875,6146.0,0.085,0.5,0.249,52,1.0,0.0,0.5112,209.36,17.0,Low
883da110a5fffff,0.993,12164.529296875,12250.0,0.085,0.5,0.822,15,1.0,0.0,0.7096,87.61,17.1,Low
883da10261fffff,0.992,1855.2476806640625,1870.0,0.085,0.5,2.515,11,1.0,0.0,0.0,0.0,20.6,Low
883da112a3fffff,0.9951,21994.640625,22103.0,0.085,0.5,1.715,25,1.0,0.0,0.0,0.0,27.6,Low
883da100cdfffff,0.9909,8206.4287109375,8282.0,0.085,0.5,9.148,0,0.0,1.0,0.0,0.0,57.9,Medium
883da11569fffff,0.994,10895.8525390625,10962.0,0.085,0.5,0.545,62,1.0,0.0,0.7158,227.36,16.6,Low
883da110a9fffff,0.9935,5443.1640625,5479.0,0.085,0.5,0.784,20,1.0,0.0,0.3121,16.1,18.8,Low
883da10265fffff,0.9917,2040.2650146484375,2057.0,0.085,0.5,2.81,10,1.0,0.0,0.0711,24.2,20.0,Low
883da11701fffff,0.9958,4571.6953125,4591.0,0.085,0.5,1.147,45,1.0,0.0,0.0192,2.01,21.4,Low
883da11763fffff,0.9955,9456.2919921875,9499.0,0.085,0.5,0.347,43,1.0,0.0,0.2795,49.22,20.5,Low
883da1156dfffff,0.9937,17518.34765625,17629.0,0.085,0.5,0.896,55,1.0,0.0,0.4838,250.58,21.3,Low
883da11437fffff,0.995,15581.197265625,15659.0,0.085,0.5,1.283,14,1.0,0.0,0.0,0.0,25.4,Low
883da110adfffff,0.9933,4696.2451171875,4728.0,0.085,0.5,0.6,16,1.0,0.0,0.2395,37.25,19.2,Low
883da102c7fffff,0.9924,48579.54296875,48952.0,0.085,0.5,4.046,13,1.0,0.0,0.0,0.0,36.9,Medium
883da10269fffff,0.9922,0.0,0.0,0.085,0.5,1.985,11,1.0,0.0,0.0093,4.03,19.9,Low
883da11501fffff,0.994,11851.408203125,11923.0,0.085,0.5,0.407,48,1.0,0.0,0.6014,318.91,18.1,Low
883da11705fffff,0.9955,9412.263671875,9455.0,0.085,0.5,1.232,48,1.0,0.0,0.1108,38.17,22.2,Low
883da111d5fffff,0.9928,4884.67041015625,4920.0,0.085,0.5,0.467,9,1.0,0.0,0.1329,64.46,20.4,Low
883da110b1fffff,0.9935,4306.23046875,4334.0,0.085,0.5,1.631,41,1.0,0.0,0.1195,10.07,20.3,Low
883da115cbfffff,0.9947,16785.73046875,16875.0,0.085,0.5,1.173,18,1.0,0.0,0.0526,14.07,25.3,Low
883da1026dfffff,0.992,1691.8619384765625,1706.0,0.085,0.5,2.062,11,1.0,0.0,0.1311,20.16,19.3,Low
883da11709fffff,0.996,12171.3974609375,12220.0,0.085,0.5,0.314,36,1.0,0.0,0.3879,232.93,20.3,Low
883da110b5fffff,0.9932,5239.62841796875,5276.0,0.085,0.5,0.969,32,1.0,0.0,0.204,130.89,19.8,Low
883da18d23fffff,0.9969,28305.48828125,28394.0,0.085,0.5,6.297,0,0.0,1.0,0.0,0.0,64.8,Medium
883da1170dfffff,0.9958,6031.62060546875,6057.0,0.085,0.5,0.702,40,1.0,0.0,0.0857,34.14,21.2,Low
883da10013fffff,0.9907,2255.418701171875,2277.0,0.085,0.5,9.58,0,0.0,1.0,0.0,0.0,55.8,Medium
883da11183fffff,0.9923,4981.1904296875,5020.0,0.085,0.5,0.467,10,1.0,0.0,0.1399,68.53,20.3,Low
883da1103dfffff,0.9935,10398.025390625,10466.0,0.085,0.5,1.28,7,1.0,0.0,0.0,0.0,23.6,Low
883da110b9fffff,0.9938,5355.2470703125,5389.0,0.085,0.5,1.808,45,1.0,0.0,0.5684,105.66,16.2,Low
883da11433fffff,0.9952,1756.095458984375,1765.0,0.085,0.5,1.642,15,1.0,0.0,0.0,0.0,20.6,Low
883da11711fffff,0.996,7685.708984375,7717.0,0.085,0.5,2.253,34,1.0,0.0,0.0859,17.07,21.8,Low
883da102c3fffff,0.9927,27791.21875,27996.0,0.085,0.5,3.592,17,1.0,0.0,0.0,0.0,29.7,Low
883da11187fffff,0.992,0.0,0.0,0.085,0.5,1.084,3,1.0,0.0,0.0,0.0,20.0,Low
883da110bdfffff,0.9935,5182.90185546875,5217.0,0.085,0.5,0.874,39,1.0,0.0,0.9077,161.05,12.7,Low
883da11715fffff,0.9958,4053.17822265625,4070.0,0.085,0.5,2.483,43,1.0,0.0,0.2446,41.17,19.0,Low
883da111d1fffff,0.993,5125.744140625,5162.0,0.085,0.5,0.473,13,1.0,0.0,0.6636,86.61,15.2,Low
883da1001bfffff,0.9909,8597.416015625,8676.0,0.085,0.5,8.658,0,0.0,1.0,0.0,0.0,58.0,Medium
883da115c7fffff,0.9942,43894.9296875,44151.0,0.085,0.5,2.032,16,1.0,0.0,0.0,0.0,35.3,Medium
883da1118bfffff,0.9925,4656.81396484375,4692.0,0.085,0.5,1.243,11,1.0,0.0,0.0431,4.03,21.2,Low
883da1129bfffff,0.9963,30451.4296875,30565.0,0.085,0.5,0.978,28,1.0,0.0,0.0,0.0,30.6,Low
883da110c1fffff,0.9945,5925.0966796875,5958.0,0.085,0.5,0.982,26,1.0,0.0,0.4574,91.5,17.5,Low
883da11719fffff,0.9963,9984.8037109375,10022.0,0.085,0.5,2.484,32,1.0,0.0,0.0,0.0,23.5,Low
883da1034bfffff,0.9912,4254.1982421875,4292.0,0.085,0.5,3.01,1,1.0,0.0,0.0,0.0,21.5,Low
883da110c5fffff,0.9943,5414.703125,5446.0,0.085,0.5,0.779,24,1.0,0.0,0.1852,110.63,20.0,Low
883da10281fffff,0.9922,0.0,0.0,0.085,0.5,5.408,0,0.0,1.0,0.0,0.0,55.0,Medium
883da11039fffff,0.9938,6583.6337890625,6625.0,0.085,0.5,0.346,7,1.0,0.0,0.0,0.0,22.3,Low
883da1171dfffff,0.996,5745.87744140625,5769.0,0.085,0.5,1.99,37,1.0,0.0,0.1255,19.08,20.7,Low
883da11589fffff,0.9942,19155.177734375,19267.0,0.085,0.5,2.695,8,1.0,0.0,0.0,0.0,26.7,Low
883da11193fffff,0.9925,2274.5751953125,2292.0,0.085,0.5,1.805,12,1.0,0.0,0.057,28.21,20.2,Low
883da110c9fffff,0.9948,10883.8828125,10941.0,0.085,0.5,1.09,25,1.0,0.0,0.2911,40.21,20.9,Low
883da10285fffff,0.9919,25781.2734375,25992.0,0.085,0.5,5.888,0,0.0,1.0,0.0,0.0,64.0,Medium
883da18d37fffff,0.9968,0.0,0.0,0.085,0.5,4.744,5,1.0,0.0,0.0,0.0,20.0,Low
883da11721fffff,0.995,6811.46533203125,6846.0,0.085,0.5,1.549,58,1.0,0.0,0.1997,16.08,20.4,Low
883da111cdfffff,0.9928,3830.458984375,3858.0,0.085,0.5,3.12,4,1.0,0.0,0.0,0.0,21.3,Low
883da1158dfffff,0.9939,19929.193359375,20052.0,0.085,0.5,2.953,13,1.0,0.0,0.0,0.0,26.9,Low
883da115c3fffff,0.9944,0.0,0.0,0.085,0.5,1.862,11,1.0,0.0,0.0,0.0,20.0,Low
883da1005dfffff,0.9912,14488.1435546875,14617.0,0.085,0.5,6.069,0,0.0,1.0,0.0,0.0,60.1,Medium
883da11297fffff,0.9958,0.0,0.0,0.085,0.5,0.224,31,1.0,0.0,0.643,612.57,13.6,Low
883da11197fffff,0.9922,0.0,0.0,0.085,0.5,1.521,11,1.0,0.0,0.1844,110.86,18.2,Low
883da10353fffff,0.9912,9447.884765625,9532.0,0.085,0.5,4.504,5,1.0,0.0,0.2247,79.7,21.1,Low
883da110cdfffff,0.9945,8809.1513671875,8858.0,0.085,0.5,0.176,23,1.0,0.0,0.5626,217.19,17.4,Low
883da10289fffff,0.9924,20973.32421875,21134.0,0.085,0.5,4.497,8,1.0,0.0,0.0,0.0,27.3,Low
883da11725fffff,0.9948,6286.34228515625,6319.0,0.085,0.5,0.862,57,1.0,0.0,0.249,30.16,19.7,Low
883da11757fffff,0.9963,5593.0810546875,5614.0,0.085,0.5,1.533,30,1.0,0.0,0.0,0.0,21.9,Low
883da11035fffff,0.9933,4234.89453125,4263.0,0.085,0.5,1.882,8,1.0,0.0,0.1846,4.03,19.6,Low
883da1142bfffff,0.9952,2957.6533203125,2972.0,0.085,0.5,0.86,33,1.0,0.0,0.4561,80.39,16.5,Low
883da11003fffff,0.994,11125.623046875,11193.0,0.085,0.5,0.849,6,1.0,0.0,0.0,0.0,23.9,Low
883da102bbfffff,0.9919,15304.962890625,15430.0,0.085,0.5,7.265,0,0.0,1.0,0.0,0.0,60.3,Medium
883da1119bfffff,0.9928,4915.66015625,4951.0,0.085,0.5,1.642,11,1.0,0.0,0.1063,18.13,20.7,Low
883da10357fffff,0.991,13515.482421875,13638.0,0.085,0.5,4.747,1,1.0,0.0,0.0,0.0,24.7,Low
883da110d1fffff,0.9948,7363.21484375,7402.0,0.085,0.5,0.669,40,1.0,0.0,0.2758,93.49,19.8,Low
883da111c9fffff,0.993,0.0,0.0,0.085,0.5,2.626,6,1.0,0.0,0.0,0.0,20.0,Low
883da1028dfffff,0.9922,21698.6328125,21869.0,0.085,0.5,4.967,1,1.0,0.0,0.0,0.0,27.6,Low
883da10059fffff,0.9914,0.0,0.0,0.085,0.5,5.779,0,0.0,1.0,0.0,0.0,55.0,Medium
883da11729fffff,0.9953,6576.00927734375,6607.0,0.085,0.5,0.899,48,1.0,0.0,0.364,50.24,18.6,Low
883da11293fffff,0.9961,27285.228515625,27392.0,0.085,0.5,0.571,29,1.0,0.0,0.4483,309.21,25.0,Low
883da11007fffff,0.9938,5984.96142578125,6022.0,0.085,0.5,1.086,6,1.0,0.0,0.0,0.0,22.1,Low
883da1035bfffff,0.9915,5672.26025390625,5721.0,0.085,0.5,3.639,7,1.0,0.0,0.4549,269.29,17.4,Low
883da110d5fffff,0.9945,7421.7001953125,7463.0,0.085,0.5,0.168,36,1.0,0.0,0.2699,75.41,19.9,Low
883da10291fffff,0.9924,24644.841796875,24834.0,0.085,0.5,6.063,0,0.0,1.0,0.0,0.0,63.6,Medium
883da11401fffff,0.9957,5949.14013671875,5975.0,0.085,0.5,0.173,24,1.0,0.0,0.6132,176.76,15.9,Low
883da11753fffff,0.9965,0.0,0.0,0.085,0.5,2.08,26,1.0,0.0,0.0,0.0,20.0,Low
883da11031fffff,0.9935,4361.966796875,4391.0,0.085,0.5,1.106,8,1.0,0.0,0.0,0.0,21.5,Low
883da11427fffff,0.9947,6635.6337890625,6671.0,0.085,0.5,0.761,43,1.0,0.0,0.5557,351.86,16.8,Low
883da1172dfffff,0.995,13389.751953125,13457.0,0.085,0.5,0.592,49,1.0,0.0,0.2358,43.22,22.3,Low
883da1100bfffff,0.9943,6291.587890625,6328.0,0.085,0.5,0.818,5,1.0,0.0,0.0,0.0,22.2,Low
883da111a3fffff,0.9915,7647.0390625,7713.0,0.085,0.5,2.367,2,1.0,0.0,0.0,0.0,22.7,Low
883da110d9fffff,0.995,8044.7216796875,8085.0,0.085,0.5,0.073,39,1.0,0.0,0.6727,402.01,16.1,Low
883da10295fffff,0.9922,23237.43359375,23420.0,0.085,0.5,6.347,0,0.0,1.0,0.0,0.0,63.1,Medium
883da111c5fffff,0.9925,4294.15087890625,4327.0,0.085,0.5,2.889,3,1.0,0.0,0.0,0.0,21.5,Low
883da11405fffff,0.9955,0.0,0.0,0.085,0.5,0.844,28,1.0,0.0,0.5489,104.47,14.5,Low
883da10055fffff,0.9909,18135.4609375,18302.0,0.085,0.5,6.988,0,0.0,1.0,0.0,0.0,61.3,Medium
883da11731fffff,0.9953,7472.8134765625,7508.0,0.085,0.5,1.266,57,1.0,0.0,0.2248,10.05,20.3,Low
883da111a7fffff,0.9912,9583.3896484375,9668.0,0.085,0.5,3.293,1,1.0,0.0,0.0,0.0,23.3,Low
883da110ddfffff,0.9948,13824.748046875,13897.0,0.085,0.5,0.539,36,1.0,0.0,0.4029,122.64,20.8,Low
883da10299fffff,0.9927,26872.66015625,27070.0,0.085,0.5,5.173,0,0.0,1.0,0.0,0.0,64.4,Medium
883da11409fffff,0.996,5258.31884765625,5279.0,0.085,0.5,0.069,23,1.0,0.0,0.5551,196.79,16.3,Low
883da11735fffff,0.995,6650.12109375,6684.0,0.085,0.5,0.846,67,1.0,0.0,0.3913,45.23,18.4,Low
883da11013fffff,0.9943,5750.22509765625,5783.0,0.085,0.5,0.788,23,1.0,0.0,0.0708,36.21,21.3,Low
883da111abfffff,0.9918,14358.095703125,14477.0,0.085,0.5,1.969,2,1.0,0.0,0.0,0.0,25.0,Low
883da110e1fffff,0.9938,0.0,0.0,0.085,0.5,2.2,20,1.0,0.0,0.2073,21.13,17.9,Low
883da11423fffff,0.995,2302.99609375,2315.0,0.085,0.5,0.071,35,1.0,0.0,0.81,436.18,12.7,Low
883da1029dfffff,0.9924,19191.33203125,19338.0,0.085,0.5,5.43,0,0.0,1.0,0.0,0.0,61.7,Medium
883da1140dfffff,0.9957,5387.3193359375,5411.0,0.085,0.5,0.471,26,1.0,0.0,0.5059,191.82,16.8,Low
883da11739fffff,0.9955,3312.34814453125,3327.0,0.085,0.5,2.155,53,1.0,0.0,0.0,0.0,21.2,Low
883da11017fffff,0.994,6893.14990234375,6935.0,0.085,0.5,1.252,13,1.0,0.0,0.0,0.0,22.4,Low
883da115a5fffff,0.9929,16341.72265625,16459.0,0.085,0.5,5.078,0,0.0,1.0,0.0,0.0,60.7,Medium
883da111c1fffff,0.9928,3347.059814453125,3371.0,0.085,0.5,2.17,5,1.0,0.0,0.0,0.0,21.2,Low
883da110e5fffff,0.9935,11383.111328125,11458.0,0.085,0.5,1.987,14,1.0,0.0,0.108,3.02,22.9,Low
883da10051fffff,0.9912,9987.125,10076.0,0.085,0.5,6.678,0,0.0,1.0,0.0,0.0,58.5,Medium
883da102a1fffff,0.9914,26029.435546875,26255.0,0.085,0.5,7.32,0,0.0,1.0,0.0,0.0,64.1,Medium
883da1128bfffff,0.9961,30697.8828125,30818.0,0.085,0.5,2.199,21,1.0,0.0,0.0,0.0,30.7,Low
883da11411fffff,0.996,20065.431640625,20146.0,0.085,0.5,2.542,20,1.0,0.0,0.0,0.0,27.0,Low
883da1173dfffff,0.9953,4252.29150390625,4272.0,0.085,0.5,1.72,54,1.0,0.0,0.0376,2.01,21.1,Low
883da1101bfffff,0.9945,32009.630859375,32187.0,0.085,0.5,0.783,20,1.0,0.0,0.0754,34.19,30.4,Low
883da115a9fffff,0.9934,17458.67578125,17575.0,0.085,0.5,4.362,8,1.0,0.0,0.0,0.0,26.1,Low
883da10043fffff,0.9909,16514.341796875,16666.0,0.085,0.5,6.482,0,0.0,1.0,0.0,0.0,60.8,Medium
883da1174bfffff,0.9966,32568.78125,32680.0,0.085,0.5,0.867,24,1.0,0.0,0.0273,15.05,31.0,Low
883da111b3fffff,0.9917,2846.72607421875,2871.0,0.085,0.5,2.028,11,1.0,0.0,0.1825,26.22,19.2,Low
883da110e9fffff,0.994,6126.9697265625,6164.0,0.085,0.5,1.413,19,1.0,0.0,0.0,0.0,22.1,Low
883da102a5fffff,0.9912,12952.283203125,13067.0,0.085,0.5,7.735,0,0.0,1.0,0.0,0.0,59.5,Medium
883da11415fffff,0.9957,4632.0068359375,4652.0,0.085,0.5,1.869,21,1.0,0.0,0.2065,60.26,19.5,Low
883da11741fffff,0.9963,0.0,0.0,0.085,0.5,0.927,28,1.0,0.0,0.319,47.17,16.8,Low
883da11281fffff,0.9958,25389.615234375,25497.0,0.085,0.5,2.204,19,1.0,0.0,0.0,0.0,28.8,Low
883da115adfffff,0.9932,16286.9091796875,16398.0,0.085,0.5,4.276,8,1.0,0.0,0.0,0.0,25.7,Low
883da111bdfffff,0.9917,4808.79296875,4849.0,0.085,0.5,1.45,2,1.0,0.0,0.0072,2.02,21.6,Low
883da111b7fffff,0.9915,1353.0767822265625,1365.0,0.085,0.5,2.39,6,1.0,0.0,0.0,0.0,20.5,Low
883da1004dfffff,0.9909,12580.7041015625,12696.0,0.085,0.5,5.825,0,0.0,1.0,0.0,0.0,59.4,Medium
883da110edfffff,0.9938,7516.72509765625,7564.0,0.085,0.5,1.744,12,1.0,0.0,0.2438,34.21,20.2,Low
883da11287fffff,0.9956,23329.8984375,23433.0,0.085,0.5,1.585,25,1.0,0.0,0.0,0.0,28.1,Low
883da102a9fffff,0.9917,17878.115234375,18028.0,0.085,0.5,6.41,0,0.0,1.0,0.0,0.0,61.2,Medium
883da11419fffff,0.9962,16795.623046875,16860.0,0.085,0.5,2.276,20,1.0,0.0,0.0,0.0,25.8,Low
883da11745fffff,0.996,26244.2265625,26350.0,0.085,0.5,0.349,28,1.0,0.0,0.1639,58.23,27.5,Low
883da11023fffff,0.9933,6413.60498046875,6457.0,0.085,0.5,2.214,5,1.0,0.0,0.0,0.0,22.2,Low
883da11285fffff,0.9956,24385.962890625,24494.0,0.085,0.5,2.489,20,1.0,0.0,0.0,0.0,28.5,Low
883da11747fffff,0.996,16348.404296875,16414.0,0.085,0.5,0.117,31,1.0,0.0,0.7627,380.52,18.1,Low
883da1004bfffff,0.9912,22201.427734375,22399.0,0.085,0.5,5.56,0,0.0,1.0,0.0,0.0,62.7,Medium
883da1141bfffff,0.9962,0.0,0.0,0.085,0.5,3.237,15,1.0,0.0,0.0,0.0,20.0,Low
883da111bbfffff,0.992,3660.087158203125,3690.0,0.085,0.5,1.172,11,1.0,0.0,0.3705,165.32,17.6,Low
883da102abfffff,0.9917,25851.751953125,26068.0,0.085,0.5,6.81,0,0.0,1.0,0.0,0.0,64.0,Medium
883da102adfffff,0.9914,21358.23046875,21544.0,0.085,0.5,6.813,0,0.0,1.0,0.0,0.0,62.5,Medium
883da1141dfffff,0.996,1440.7235107421875,1447.0,0.085,0.5,1.689,21,1.0,0.0,0.091,91.37,19.6,Low
883da11027fffff,0.993,0.0,0.0,0.085,0.5,3.149,4,1.0,0.0,0.0,0.0,20.0,Low
883da111b9fffff,0.992,0.0,0.0,0.085,0.5,0.589,10,1.0,0.0,0.2247,58.47,17.8,Low
883da11749fffff,0.9966,29430.265625,29531.0,0.085,0.5,1.329,27,1.0,0.0,0.1961,84.29,28.3,Low
883da10049fffff,0.9912,0.0,0.0,0.085,0.5,5.182,0,0.0,1.0,0.0,0.0,55.0,Medium
883da11289fffff,0.9961,31175.205078125,31297.0,0.085,0.5,2.976,9,1.0,0.0,0.0,0.0,30.8,Low
883da11283fffff,0.9958,26318.298828125,26429.0,0.085,0.5,1.339,28,1.0,0.0,0.0,0.0,29.1,Low
883da102b1fffff,0.9917,16447.43359375,16585.0,0.085,0.5,7.672,0,0.0,1.0,0.0,0.0,60.7,Medium
883da11421fffff,0.995,2429.1494140625,2441.0,0.085,0.5,0.904,41,1.0,0.0,0.4945,143.72,15.9,Low
883da1174dfffff,0.9963,31136.451171875,31252.0,0.085,0.5,0.414,28,1.0,0.0,0.2396,126.47,28.4,Low
883da1102bfffff,0.9935,6581.54736328125,6625.0,0.085,0.5,1.757,6,1.0,0.0,0.0,0.0,22.3,Low
883da1128dfffff,0.9958,36600.69921875,36755.0,0.085,0.5,3.127,11,1.0,0.0,0.0,0.0,32.7,Low
883da11021fffff,0.9933,9083.8369140625,9145.0,0.085,0.5,2.596,5,1.0,0.0,0.0,0.0,23.2,Low
883da11743fffff,0.9963,0.0,0.0,0.085,0.5,0.225,27,1.0,0.0,0.7067,508.88,12.9,Low
883da11417fffff,0.9957,14485.744140625,14548.0,0.085,0.5,2.437,17,1.0,0.0,0.0,0.0,25.0,Low
883da10053fffff,0.9912,9941.7373046875,10030.0,0.085,0.5,7.282,0,0.0,1.0,0.0,0.0,58.5,Medium
883da102a7fffff,0.9912,46690.984375,47106.0,0.085,0.5,8.233,0,0.0,1.0,0.0,0.0,71.3,High
883da110ebfffff,0.994,5007.8701171875,5038.0,0.085,0.5,1.7,23,1.0,0.0,0.0,0.0,21.7,Low
883da111c3fffff,0.9928,12509.9765625,12601.0,0.085,0.5,1.24,6,1.0,0.0,0.0,0.0,24.4,Low
883da102b5fffff,0.9914,28412.34765625,28659.0,0.085,0.5,8.155,0,0.0,1.0,0.0,0.0,64.9,Medium
883da111b5fffff,0.9915,4128.35205078125,4164.0,0.085,0.5,2.175,2,1.0,0.0,0.0,0.0,21.4,Low
883da11425fffff,0.9947,1930.417724609375,1941.0,0.085,0.5,1.626,50,1.0,0.0,0.5533,148.79,15.1,Low
883da11751fffff,0.9965,0.0,0.0,0.085,0.5,1.156,19,1.0,0.0,0.0,0.0,20.0,Low
883da11291fffff,0.9961,35408.4296875,35547.0,0.085,0.5,0.702,28,1.0,0.0,0.0,0.0,32.3,Low
883da10057fffff,0.9909,3606.313232421875,3639.0,0.085,0.5,7.583,0,0.0,1.0,0.0,0.0,56.3,Medium
883da111c7fffff,0.9925,8887.328125,8954.0,0.085,0.5,2.056,4,1.0,0.0,0.0,0.0,23.1,Low
883da102b9fffff,0.9919,15445.6171875,15572.0,0.085,0.5,6.749,0,0.0,1.0,0.0,0.0,60.4,Medium
883da11429fffff,0.9952,2581.0439453125,2593.0,0.085,0.5,1.309,41,1.0,0.0,0.4617,104.5,16.3,Low
883da11033fffff,0.9935,4345.96630859375,4374.0,0.085,0.5,1.632,11,1.0,0.0,0.0,0.0,21.5,Low
883da11755fffff,0.9963,4626.28515625,4643.0,0.085,0.5,0.624,28,1.0,0.0,0.1992,93.35,19.6,Low
883da1101dfffff,0.9943,8170.98974609375,8218.0,0.085,0.5,0.826,7,1.0,0.0,0.0,0.0,22.8,Low
883da11295fffff,0.9958,28506.109375,28626.0,0.085,0.5,0.593,31,1.0,0.0,0.1454,151.64,28.5,Low
883da1005bfffff,0.9914,19820.869140625,19993.0,0.085,0.5,6.365,0,0.0,1.0,0.0,0.0,61.9,Medium
883da115c1fffff,0.9945,17521.41015625,17618.0,0.085,0.5,1.112,20,1.0,0.0,0.0,0.0,26.1,Low
883da102a3fffff,0.9914,23588.89453125,23794.0,0.085,0.5,7.732,0,0.0,1.0,0.0,0.0,63.2,Medium
883da110e7fffff,0.9935,6669.22265625,6713.0,0.085,0.5,1.322,17,1.0,0.0,0.3031,17.11,19.3,Low
883da111cbfffff,0.993,4315.701171875,4346.0,0.085,0.5,1.679,7,1.0,0.0,0.0,0.0,21.5,Low
883da102bdfffff,0.9917,48515.296875,48921.0,0.085,0.5,7.238,0,0.0,1.0,0.0,0.0,71.9,High
883da111b1fffff,0.9917,2973.441650390625,2998.0,0.085,0.5,1.476,8,1.0,0.0,0.0585,8.07,20.5,Low
883da1142dfffff,0.995,1766.1912841796875,1775.0,0.085,0.5,1.228,49,1.0,0.0,0.4898,102.51,15.7,Low
883da10041fffff,0.9909,12584.607421875,12700.0,0.085,0.5,6.086,0,0.0,1.0,0.0,0.0,59.4,Medium
883da11037fffff,0.9933,0.0,0.0,0.085,0.5,1.635,10,1.0,0.0,0.2275,3.02,17.7,Low
883da11299fffff,0.9963,30683.4765625,30797.0,0.085,0.5,1.625,28,1.0,0.0,0.0,0.0,30.7,Low
883da115c5fffff,0.9942,19449.140625,19563.0,0.085,0.5,1.687,25,1.0,0.0,0.0,0.0,26.8,Low
883da102c1fffff,0.9927,30929.916015625,31157.0,0.085,0.5,3.126,25,1.0,0.0,0.0,0.0,30.8,Low
883da11431fffff,0.9952,2360.74560546875,2372.0,0.085,0.5,0.697,22,1.0,0.0,0.0798,22.11,20.0,Low
883da1103bfffff,0.9938,6504.7666015625,6545.0,0.085,0.5,0.808,10,1.0,0.0,0.0,0.0,22.3,Low
883da1175dfffff,0.9965,17956.91796875,18020.0,0.085,0.5,0.45,18,1.0,0.0,0.3138,118.41,23.1,Low
883da11019fffff,0.9946,11106.6923828125,11167.0,0.085,0.5,0.482,11,1.0,0.0,0.0,0.0,23.9,Low
883da1173bfffff,0.9955,3336.705078125,3352.0,0.085,0.5,1.565,52,1.0,0.0,0.1029,20.09,20.1,Low
883da1129dfffff,0.9961,61892.58984375,62135.0,0.085,0.5,1.437,28,1.0,0.0,0.0,0.0,41.5,Medium
883da115c9fffff,0.9947,7051.37890625,7089.0,0.085,0.5,0.225,33,1.0,0.0,0.3104,194.03,19.3,Low
883da110e3fffff,0.9938,0.0,0.0,0.085,0.5,1.673,26,1.0,0.0,0.0,0.0,20.0,Low
883da111d3fffff,0.993,4570.533203125,4603.0,0.085,0.5,1.306,15,1.0,0.0,0.6464,34.24,15.1,Low
883da102c5fffff,0.9924,17833.84375,17970.0,0.085,0.5,3.714,19,1.0,0.0,0.0,0.0,26.2,Low
883da11435fffff,0.995,1930.9075927734375,1941.0,0.085,0.5,0.414,26,1.0,0.0,0.4775,232.16,15.9,Low
883da111adfffff,0.9915,0.0,0.0,0.085,0.5,3.592,2,1.0,0.0,0.0,0.0,20.0,Low
883da11761fffff,0.9955,9744.751953125,9789.0,0.085,0.5,0.095,39,1.0,0.0,0.1914,64.29,21.5,Low
883da112a1fffff,0.9951,0.0,0.0,0.085,0.5,1.999,20,1.0,0.0,0.0,0.0,20.0,Low
883da115cdfffff,0.9945,14715.7333984375,14797.0,0.085,0.5,0.928,32,1.0,0.0,0.1225,52.29,23.9,Low
883da111d7fffff,0.9928,5210.3095703125,5248.0,0.085,0.5,0.868,11,1.0,0.0,0.403,40.29,17.8,Low
883da11503fffff,0.994,11414.71484375,11484.0,0.085,0.5,0.338,49,1.0,0.0,0.5339,267.61,18.6,Low
883da102c9fffff,0.993,26970.8984375,27161.0,0.085,0.5,2.209,30,1.0,0.0,0.0,0.0,29.4,Low
883da11439fffff,0.9955,1837.48974609375,1846.0,0.085,0.5,1.015,23,1.0,0.0,0.4802,137.62,15.8,Low
883da11765fffff,0.9953,9679.9990234375,9726.0,0.085,0.5,0.426,39,1.0,0.0,0.4156,122.58,19.2,Low
883da112a5fffff,0.9948,22665.8671875,22784.0,0.085,0.5,1.237,19,1.0,0.0,0.0,0.0,27.9,Low
883da11015fffff,0.994,14014.224609375,14099.0,0.085,0.5,0.59,8,1.0,0.0,0.0,0.0,24.9,Low
883da11737fffff,0.995,4517.29443359375,4540.0,0.085,0.5,0.514,61,1.0,0.0,0.5152,115.58,16.4,Low
883da1140bfffff,0.996,2201.805908203125,2211.0,0.085,0.5,0.901,23,1.0,0.0,0.3819,197.79,16.9,Low
883da111dbfffff,0.9933,5195.3828125,5230.0,0.085,0.5,1.406,16,1.0,0.0,0.0,0.0,21.8,Low
883da11507fffff,0.9937,10837.974609375,10907.0,0.085,0.5,0.259,46,1.0,0.0,0.3548,247.56,20.2,Low
883da102cdfffff,0.9927,36161.3046875,36427.0,0.085,0.5,2.843,28,1.0,0.0,0.0,0.0,32.6,Low
883da1143dfffff,0.9952,3553.5009765625,3571.0,0.085,0.5,0.358,25,1.0,0.0,0.3691,121.58,17.5,Low
883da10203fffff,0.9922,9890.005859375,9968.0,0.085,0.5,2.418,14,1.0,0.0,0.0,0.0,23.4,Low
883da111a9fffff,0.9918,9988.615234375,10071.0,0.085,0.5,2.739,2,1.0,0.0,0.0,0.0,23.5,Low
883da11769fffff,0.9958,0.0,0.0,0.085,0.5,0.727,33,1.0,0.0,0.0822,48.2,19.2,Low
883da112a9fffff,0.9953,23532.646484375,23644.0,0.085,0.5,2.555,19,1.0,0.0,0.0,0.0,28.2,Low
883da1150bfffff,0.9942,10326.21484375,10386.0,0.085,0.5,0.575,52,1.0,0.0,0.5257,262.52,18.3,Low
883da102d1fffff,0.9929,20519.115234375,20666.0,0.085,0.5,3.605,12,1.0,0.0,0.0,0.0,27.2,Low
883da11441fffff,0.9963,16814.5234375,16877.0,0.085,0.5,0.443,21,1.0,0.0,0.265,130.48,23.2,Low
883da1176dfffff,0.9955,10917.80859375,10967.0,0.085,0.5,0.989,34,1.0,0.0,0.2922,64.29,20.9,Low
883da10207fffff,0.992,8266.5517578125,8333.0,0.085,0.5,2.799,12,1.0,0.0,0.0,0.0,22.9,Low
883da112adfffff,0.9951,0.0,0.0,0.085,0.5,1.637,15,1.0,0.0,0.0,0.0,20.0,Low
883da111e3fffff,0.992,5199.6630859375,5242.0,0.085,0.5,2.896,2,1.0,0.0,0.0,0.0,21.8,Low
883da11011fffff,0.9943,7690.14013671875,7734.0,0.085,0.5,0.332,11,1.0,0.0,0.0,0.0,22.7,Low
883da11733fffff,0.9953,2529.862060546875,2542.0,0.085,0.5,0.662,68,1.0,0.0,0.2612,108.51,18.3,Low
883da11407fffff,0.9955,2160.05224609375,2170.0,0.085,0.5,0.753,24,1.0,0.0,0.4613,81.37,16.1,Low
883da102d5fffff,0.9927,22502.58203125,22668.0,0.085,0.5,3.984,13,1.0,0.0,0.0,0.0,27.8,Low
883da110dbfffff,0.995,9899.6298828125,9949.0,0.085,0.5,0.377,44,1.0,0.0,0.3321,175.88,20.1,Low
883da11445fffff,0.996,11295.490234375,11341.0,0.085,0.5,0.336,29,1.0,0.0,0.3644,138.55,20.3,Low
883da1020bfffff,0.9925,14036.21484375,14142.0,0.085,0.5,1.534,22,1.0,0.0,0.026,12.09,24.6,Low
883da112b1fffff,0.9953,19676.041015625,19769.0,0.085,0.5,0.116,29,1.0,0.0,0.5834,478.25,21.0,Low
883da111a5fffff,0.9912,9886.974609375,9975.0,0.085,0.5,3.81,1,1.0,0.0,0.0,0.0,23.5,Low
883da115ddfffff,0.9947,17271.28125,17363.0,0.085,0.5,2.052,8,1.0,0.0,0.0,0.0,26.0,Low
883da111e7fffff,0.9918,22601.75,22789.0,0.085,0.5,3.604,2,1.0,0.0,0.0,0.0,27.9,Low
883da11513fffff,0.9942,21181.390625,21305.0,0.085,0.5,1.849,35,1.0,0.0,0.0,0.0,27.4,Low
883da102d9fffff,0.9932,15208.9931640625,15313.0,0.085,0.5,2.702,19,1.0,0.0,0.0,0.0,25.3,Low
883da11449fffff,0.9965,54923.015625,55116.0,0.085,0.5,0.92,18,1.0,0.0,0.0713,11.04,38.4,Medium
883da11053fffff,0.9948,23158.419921875,23279.0,0.085,0.5,0.764,9,1.0,0.0,0.0,0.0,28.1,Low
883da112b5fffff,0.995,13250.20703125,13317.0,0.085,0.5,1.034,28,1.0,0.0,0.1028,2.01,23.6,Low
883da115e1fffff,0.9937,19954.97265625,20081.0,0.085,0.5,2.896,22,1.0,0.0,0.0,0.0,26.9,Low
883da111ebfffff,0.9923,16276.361328125,16403.0,0.085,0.5,2.943,2,1.0,0.0,0.0,0.0,25.7,Low
883da11517fffff,0.994,19738.8984375,19858.0,0.085,0.5,1.512,36,1.0,0.0,0.0,0.0,26.9,Low
883da102ddfffff,0.9929,39966.0546875,40252.0,0.085,0.5,3.062,18,1.0,0.0,0.0,0.0,33.9,Medium
883da11403fffff,0.9957,0.0,0.0,0.085,0.5,0.913,23,1.0,0.0,0.6137,244.05,13.9,Low
883da1144dfffff,0.9963,65969.7421875,66215.0,0.085,0.5,1.187,26,1.0,0.0,0.2654,20.07,40.3,Medium
883da110d7fffff,0.9945,5645.35107421875,5677.0,0.085,0.5,0.89,49,1.0,0.0,0.1283,34.19,20.7,Low
883da10213fffff,0.9925,15501.7568359375,15619.0,0.085,0.5,3.124,22,1.0,0.0,0.0,0.0,25.4,Low
883da11057fffff,0.9946,8081.3818359375,8125.0,0.085,0.5,0.484,5,1.0,0.0,0.0,0.0,22.8,Low
883da112b9fffff,0.9956,0.0,0.0,0.085,0.5,0.639,28,1.0,0.0,0.2879,244.07,17.1,Low
883da1035dfffff,0.9912,9199.8935546875,9282.0,0.085,0.5,3.309,1,1.0,0.0,0.1842,88.78,21.4,Low
883da111a1fffff,0.9915,0.0,0.0,0.085,0.5,2.885,2,1.0,0.0,0.0,0.0,20.0,Low
883da115e5fffff,0.9934,35022.61328125,35255.0,0.085,0.5,2.64,21,1.0,0.0,0.0,0.0,32.2,Low
883da1151bfffff,0.9945,5901.46533203125,5934.0,0.085,0.5,1.529,44,1.0,0.0,0.0287,13.07,21.8,Low
883da102e1fffff,0.9919,21405.951171875,21581.0,0.085,0.5,4.968,1,1.0,0.0,0.0,0.0,27.5,Low
883da10217fffff,0.9922,27494.279296875,27710.0,0.085,0.5,3.631,17,1.0,0.0,0.0,0.0,29.6,Low
883da1105bfffff,0.9951,18872.3203125,18965.0,0.085,0.5,1.625,8,1.0,0.0,0.0,0.0,26.6,Low
883da112bdfffff,0.9953,19474.4765625,19566.0,0.085,0.5,0.968,26,1.0,0.0,0.0431,36.17,26.3,Low
883da115e9fffff,0.994,0.0,0.0,0.085,0.5,2.448,24,1.0,0.0,0.0,0.0,20.0,Low
883da102e5fffff,0.9917,17693.2109375,17841.0,0.085,0.5,5.45,0,0.0,1.0,0.0,0.0,61.2,Medium
883da1172bfffff,0.9953,5812.38671875,5840.0,0.085,0.5,1.764,57,1.0,0.0,0.2356,18.08,19.7,Low
883da11455fffff,0.9962,6508.10009765625,6533.0,0.085,0.5,0.383,23,1.0,0.0,0.1028,41.16,21.2,Low
883da1021bfffff,0.9927,6974.0302734375,7025.0,0.085,0.5,2.202,35,1.0,0.0,0.0,0.0,22.4,Low
883da112c1fffff,0.9963,27074.162109375,27175.0,0.085,0.5,4.615,6,1.0,0.0,0.0,0.0,29.4,Low
883da110d3fffff,0.9948,5943.060546875,5974.0,0.085,0.5,0.853,52,1.0,0.0,0.2053,58.3,20.0,Low
883da115edfffff,0.9937,17184.14453125,17293.0,0.085,0.5,1.943,28,1.0,0.0,0.0,0.0,26.0,Low
883da11523fffff,0.9932,0.0,0.0,0.085,0.5,1.298,37,1.0,0.0,0.0,0.0,20.0,Low
883da102e9fffff,0.9922,22020.5390625,22194.0,0.085,0.5,4.046,10,1.0,0.0,0.0,0.0,27.7,Low
883da10359fffff,0.9915,3691.91357421875,3724.0,0.085,0.5,2.924,7,1.0,0.0,0.2673,75.64,18.6,Low
883da1119dfffff,0.9925,10632.880859375,10713.0,0.085,0.5,1.004,11,1.0,0.0,0.0603,12.09,23.1,Low
883da112c5fffff,0.9961,31833.58984375,31958.0,0.085,0.5,4.729,6,1.0,0.0,0.0,0.0,31.1,Low
883da11527fffff,0.993,17620.537109375,17745.0,0.085,0.5,1.954,36,1.0,0.0,0.0,0.0,26.1,Low
883da102edfffff,0.9919,12375.251953125,12476.0,0.085,0.5,4.538,5,1.0,0.0,0.0,0.0,24.3,Low
883da1145dfffff,0.9965,57919.7109375,58123.0,0.085,0.5,0.973,19,1.0,0.0,0.0,0.0,40.1,Medium
883da10223fffff,0.9915,14615.921875,14741.0,0.085,0.5,4.285,5,1.0,0.0,0.0,0.0,25.1,Low
883da112c9fffff,0.9966,0.0,0.0,0.085,0.5,5.442,0,0.0,1.0,0.0,0.0,55.0,Medium
883da1152bfffff,0.9935,9040.7041015625,9100.0,0.085,0.5,0.442,42,1.0,0.0,0.0494,50.33,22.7,Low
883da11461fffff,0.9955,2079.482177734375,2089.0,0.085,0.5,0.679,38,1.0,0.0,0.2407,94.42,18.3,Low
883da11727fffff,0.9948,8729.4833984375,8775.0,0.085,0.5,0.788,59,1.0,0.0,0.5002,58.3,18.0,Low
883da18da3fffff,0.9968,40861.76953125,40993.0,0.085,0.5,2.0,19,1.0,0.0,0.0,0.0,34.2,Medium
883da10227fffff,0.9912,11726.8564453125,11831.0,0.085,0.5,4.962,2,1.0,0.0,0.0,0.0,24.1,Low
883da112cdfffff,0.9963,34654.51953125,34783.0,0.085,0.5,5.467,0,0.0,1.0,0.0,0.0,67.0,High
883da1028bfffff,0.9924,20765.916015625,20925.0,0.085,0.5,4.905,4,1.0,0.0,0.0,0.0,27.2,Low
883da11465fffff,0.9952,1785.8043212890625,1794.0,0.085,0.5,0.443,54,1.0,0.0,0.4593,99.48,16.0,Low
883da18da7fffff,0.9966,36819.92578125,36946.0,0.085,0.5,1.266,27,1.0,0.0,0.0,0.0,32.8,Low
883da1022bfffff,0.9917,7129.86669921875,7190.0,0.085,0.5,3.402,7,1.0,0.0,0.0,0.0,22.5,Low
883da11199fffff,0.9928,5783.5546875,5825.0,0.085,0.5,1.722,12,1.0,0.0,0.4029,51.37,18.0,Low
883da112d1fffff,0.9966,44680.30078125,44833.0,0.085,0.5,3.144,10,1.0,0.0,0.0,0.0,35.5,Medium
883da11533fffff,0.9935,16259.4775390625,16366.0,0.085,0.5,1.819,28,1.0,0.0,0.0,0.0,25.7,Low
883da11469fffff,0.9958,3652.038818359375,3667.0,0.085,0.5,0.694,37,1.0,0.0,0.2359,38.16,18.9,Low
883da112d5fffff,0.9963,36022.75,36157.0,0.085,0.5,3.064,9,1.0,0.0,0.0,0.0,32.5,Low
883da11537fffff,0.9932,18240.974609375,18366.0,0.085,0.5,2.142,26,1.0,0.0,0.0,0.0,26.4,Low
883da1146dfffff,0.9955,2032.724365234375,2042.0,0.085,0.5,1.228,49,1.0,0.0,0.106,2.01,19.6,Low
883da10233fffff,0.9917,15158.3359375,15285.0,0.085,0.5,4.888,1,1.0,0.0,0.0,0.0,25.3,Low
883da112d9fffff,0.9968,0.0,0.0,0.085,0.5,4.044,7,1.0,0.0,0.0,0.0,20.0,Low
883da1153bfffff,0.9937,0.0,0.0,0.085,0.5,1.01,37,1.0,0.0,0.0,0.0,20.0,Low
883da11001fffff,0.9941,10035.8251953125,10095.0,0.085,0.5,0.171,6,1.0,0.0,0.0,0.0,23.5,Low
883da11723fffff,0.995,6065.96240234375,6096.0,0.085,0.5,1.424,60,1.0,0.0,0.3097,23.12,19.0,Low
883da10237fffff,0.9914,19066.68359375,19232.0,0.085,0.5,5.151,0,0.0,1.0,0.0,0.0,61.7,Medium
883da112ddfffff,0.9966,40237.078125,40374.0,0.085,0.5,3.889,8,1.0,0.0,0.0,0.0,34.0,Medium
883da10287fffff,0.9919,28977.208984375,29214.0,0.085,0.5,6.322,0,0.0,1.0,0.0,0.0,65.1,Medium
883da110cbfffff,0.9948,6202.4990234375,6235.0,0.085,0.5,1.41,30,1.0,0.0,0.2517,56.29,19.6,Low
883da1023bfffff,0.992,12721.875,12824.0,0.085,0.5,4.012,9,1.0,0.0,0.0,0.0,24.4,Low
883da112e1fffff,0.9956,22415.884765625,22515.0,0.085,0.5,3.179,9,1.0,0.0,0.0,0.0,27.8,Low
883da10351fffff,0.9912,7000.93798828125,7063.0,0.085,0.5,3.833,4,1.0,0.0,0.412,171.51,18.3,Low
883da11195fffff,0.9922,5797.18896484375,5843.0,0.085,0.5,0.582,11,1.0,0.0,0.4651,358.8,17.4,Low
883da11543fffff,0.9945,9602.099609375,9655.0,0.085,0.5,0.281,50,1.0,0.0,0.5411,301.66,17.9,Low
883da11083fffff,0.994,0.0,0.0,0.085,0.5,1.679,46,1.0,0.0,0.5851,68.41,14.1,Low
883da11ad1fffff,0.9913,0.0,0.0,0.085,0.5,5.236,0,0.0,1.0,0.0,0.0,55.0,Medium
883da112e5fffff,0.9953,13465.6748046875,13529.0,0.085,0.5,2.531,6,1.0,0.0,0.0,0.0,24.7,Low
883da11547fffff,0.9942,12259.6162109375,12331.0,0.085,0.5,0.12,46,1.0,0.0,0.8441,564.27,15.8,Low
883da11087fffff,0.9938,4900.8212890625,4931.0,0.085,0.5,1.496,39,1.0,0.0,0.5703,159.99,16.0,Low
883da10243fffff,0.9927,0.0,0.0,0.085,0.5,0.275,23,1.0,0.0,0.3968,111.82,16.0,Low
883da112e9fffff,0.9958,21918.11328125,22011.0,0.085,0.5,4.047,2,1.0,0.0,0.0,0.0,27.6,Low
883da1154bfffff,0.9948,0.0,0.0,0.085,0.5,0.422,57,1.0,0.0,0.2606,70.37,17.4,Low
883da1108bfffff,0.9943,5011.6611328125,5040.0,0.085,0.5,0.755,46,1.0,0.0,0.0086,6.03,21.7,Low
883da18d35fffff,0.9968,23501.755859375,23577.0,0.085,0.5,5.524,0,0.0,1.0,0.0,0.0,63.2,Medium
883da10247fffff,0.9925,6636.94921875,6687.0,0.085,0.5,0.774,16,1.0,0.0,0.0941,53.4,21.4,Low
883da10283fffff,0.9922,0.0,0.0,0.085,0.5,5.827,0,0.0,1.0,0.0,0.0,55.0,Medium
883da110c7fffff,0.9943,11213.517578125,11278.0,0.085,0.5,1.197,29,1.0,0.0,0.0,0.0,23.9,Low
883da11ad9fffff,0.9915,8112.85986328125,8182.0,0.085,0.5,5.255,0,0.0,1.0,0.0,0.0,57.8,Medium
883da112edfffff,0.9956,21845.232421875,21942.0,0.085,0.5,3.446,3,1.0,0.0,0.0,0.0,27.6,Low
883da11191fffff,0.9925,3847.38134765625,3876.0,0.085,0.5,1.441,11,1.0,0.0,0.1242,10.08,20.1,Low
883da1024bfffff,0.993,7072.7587890625,7123.0,0.085,0.5,0.367,28,1.0,0.0,0.2181,60.42,20.3,Low
883da11addfffff,0.9913,0.0,0.0,0.085,0.5,6.053,0,0.0,1.0,0.0,0.0,55.0,Medium
883da11553fffff,0.9947,1729.6270751953125,1739.0,0.085,0.5,1.217,54,1.0,0.0,0.2891,85.45,17.7,Low
883da10319fffff,0.991,0.0,0.0,0.085,0.5,5.388,0,0.0,1.0,0.0,0.0,55.0,Medium
883da11093fffff,0.9943,18850.09375,18958.0,0.085,0.5,0.098,61,1.0,0.0,0.5343,110.63,21.2,Low
883da11557fffff,0.9945,1688.6910400390625,1698.0,0.085,0.5,0.4,56,1.0,0.0,0.3009,187.03,17.6,Low
883da11097fffff,0.994,5738.61669921875,5773.0,0.085,0.5,0.626,57,1.0,0.0,0.1688,36.22,20.3,Low
883da10253fffff,0.993,0.0,0.0,0.085,0.5,1.029,44,1.0,0.0,0.0,0.0,20.0,Low
883da11625fffff,0.9965,20640.95703125,20713.0,0.085,0.5,2.752,26,1.0,0.0,0.0,0.0,27.2,Low
883da1171bfffff,0.9963,14202.912109375,14256.0,0.085,0.5,1.967,29,1.0,0.0,0.0,0.0,24.9,Low
883da1155bfffff,0.995,1681.0001220703125,1689.0,0.085,0.5,0.506,56,1.0,0.0,0.4856,143.72,15.7,Low
883da1109bfffff,0.9945,0.0,0.0,0.085,0.5,0.065,57,1.0,0.0,0.1594,6.03,18.4,Low
883da10257fffff,0.9927,5011.99658203125,5049.0,0.085,0.5,1.705,32,1.0,0.0,0.0,0.0,21.7,Low
883da110c3fffff,0.9945,5314.21484375,5344.0,0.085,0.5,0.616,32,1.0,0.0,0.7119,178.98,14.7,Low
883da1025bfffff,0.9932,5144.40673828125,5180.0,0.085,0.5,0.171,48,1.0,0.0,0.2393,54.37,19.4,Low
883da100c7fffff,0.9906,6706.96484375,6771.0,0.085,0.5,10.497,0,0.0,1.0,0.0,0.0,57.3,Medium
883da11563fffff,0.9937,11125.9873046875,11197.0,0.085,0.5,0.172,50,1.0,0.0,1.0,845.33,13.9,Low
883da10349fffff,0.9912,9208.509765625,9290.0,0.085,0.5,3.005,1,1.0,0.0,0.0,0.0,23.2,Low
883da1118dfffff,0.9923,8406.263671875,8471.0,0.085,0.5,2.333,3,1.0,0.0,0.0,0.0,22.9,Low
883da110a3fffff,0.9933,9506.6201171875,9571.0,0.085,0.5,0.08,25,1.0,0.0,0.9543,620.16,13.8,Low
883da100cbfffff,0.9912,13546.43359375,13667.0,0.085,0.5,9.074,0,0.0,1.0,0.0,0.0,59.7,Medium
883da11567fffff,0.9935,18586.61328125,18708.0,0.085,0.5,0.576,50,1.0,0.0,0.9467,616.0,17.0,Low
883da110a7fffff,0.993,5990.01318359375,6032.0,0.085,0.5,0.943,19,1.0,0.0,0.4596,330.31,17.5,Low
883da10263fffff,0.992,2594.94189453125,2616.0,0.085,0.5,2.358,12,1.0,0.0,0.0,0.0,20.9,Low
883da1156bfffff,0.994,14215.9599609375,14302.0,0.085,0.5,0.493,49,1.0,0.0,0.4865,341.05,20.1,Low
883da110abfffff,0.9935,9559.962890625,9623.0,0.085,0.5,0.671,31,1.0,0.0,0.7662,87.57,15.7,Low
883da10267fffff,0.9917,3315.564453125,3343.0,0.085,0.5,3.181,8,1.0,0.0,0.0576,16.13,20.6,Low
883da11717fffff,0.9958,7042.9990234375,7073.0,0.085,0.5,1.657,39,1.0,0.0,0.2049,30.13,20.4,Low
883da11703fffff,0.9958,4975.154296875,4996.0,0.085,0.5,1.842,46,1.0,0.0,0.1927,80.34,19.8,Low
883da1026bfffff,0.9922,4512.3173828125,4548.0,0.085,0.5,1.617,15,1.0,0.0,0.0,0.0,21.6,Low
883da11707fffff,0.9955,2821.8564453125,2835.0,0.085,0.5,2.042,50,1.0,0.0,0.0,0.0,21.0,Low
883da110b3fffff,0.9935,5020.740234375,5054.0,0.085,0.5,1.161,44,1.0,0.0,0.1173,20.13,20.6,Low
883da1170bfffff,0.996,10900.919921875,10945.0,0.085,0.5,1.05,39,1.0,0.0,0.1684,40.16,22.1,Low
883da11181fffff,0.9923,5503.86572265625,5547.0,0.085,0.5,1.397,4,1.0,0.0,0.0,0.0,21.9,Low
883da110b7fffff,0.9932,10507.32421875,10579.0,0.085,0.5,1.262,38,1.0,0.0,0.0463,17.12,23.2,Low
883da11189fffff,0.9925,5469.91162109375,5511.0,0.085,0.5,1.399,5,1.0,0.0,0.0,0.0,21.9,Low
883da11185fffff,0.992,7220.7646484375,7279.0,0.085,0.5,1.963,2,1.0,0.0,0.0,0.0,22.5,Low
883da10019fffff,0.9909,4031.4169921875,4068.0,0.085,0.5,8.2,0,0.0,1.0,0.0,0.0,56.4,Medium
883da110bbfffff,0.9938,5443.43115234375,5477.0,0.085,0.5,1.548,52,1.0,0.0,0.0637,8.05,21.3,Low
883da11713fffff,0.996,12279.50390625,12329.0,0.085,0.5,1.291,32,1.0,0.0,0.1803,4.02,22.5,Low

