ward_id,city,population_total,pop_elderly_60plus,pop_youth_0_14,pop_working_15_59,elderly_ratio,youth_ratio,working_ratio,income_per_capita,income_bracket_norm,literacy_rate,avg_household_size,data_source
MUM-W001,Mumbai,32300,6240,9798,16261,0.1932,0.3034,0.5034,223191,0.2205,0.7967,3.7,synthetic_census_2011_based
MUM-W002,Mumbai,14414,573,2134,11706,0.0398,0.1481,0.8121,96395,0.0492,0.9467,3.47,synthetic_census_2011_based
MUM-W003,Mumbai,42204,2007,13119,27076,0.0476,0.3109,0.6416,267690,0.2807,0.7953,3.25,synthetic_census_2011_based
MUM-W004,Mumbai,47303,1968,15490,29843,0.0416,0.3275,0.6309,66463,0.0087,0.9135,5.05,synthetic_census_2011_based
MUM-W005,Mumbai,8344,100,1283,6959,0.012,0.1539,0.8341,163769,0.1402,0.7016,4.75,synthetic_census_2011_based
MUM-W006,Mumbai,12316,249,1883,10182,0.0203,0.153,0.8267,254192,0.2624,0.8312,4.98,synthetic_census_2011_based
MUM-W007,Mumbai,29047,1228,9135,18683,0.0423,0.3145,0.6432,211509,0.2047,0.78,4.23,synthetic_census_2011_based
MUM-W008,Mumbai,22253,1275,3701,17276,0.0573,0.1663,0.7764,509666,0.6077,0.7515,4.82,synthetic_census_2011_based
MUM-W009,Mumbai,26633,1870,3250,21512,0.0702,0.122,0.8077,78088,0.0244,0.6742,2.79,synthetic_census_2011_based
MUM-W010,Mumbai,16125,1244,2073,12807,0.0772,0.1286,0.7942,60000,0.0,0.8477,4.89,synthetic_census_2011_based
MUM-W011,Mumbai,45598,3611,17134,24852,0.0792,0.3758,0.545,66434,0.0087,0.6556,4.34,synthetic_census_2011_based
MUM-W012,Mumbai,42902,2013,4791,36096,0.0469,0.1117,0.8414,211569,0.2048,0.801,4.7,synthetic_census_2011_based
MUM-W013,Mumbai,27990,5172,2749,20067,0.1848,0.0982,0.717,188819,0.1741,0.7543,4.5,synthetic_census_2011_based
MUM-W014,Mumbai,52909,3682,10973,38253,0.0696,0.2074,0.723,143140,0.1124,0.8633,3.41,synthetic_census_2011_based
MUM-W015,Mumbai,35614,2938,11778,20897,0.0825,0.3307,0.5868,60714,0.001,0.8642,3.0,synthetic_census_2011_based
MUM-W016,Mumbai,16065,486,3913,11664,0.0303,0.2436,0.7261,227933,0.2269,0.9689,3.63,synthetic_census_2011_based
MUM-W017,Mumbai,33565,2105,8565,22893,0.0627,0.2552,0.6821,60000,0.0,0.7118,4.65,synthetic_census_2011_based
MUM-W018,Mumbai,15133,2266,5898,6968,0.1498,0.3898,0.4605,299918,0.3242,0.7715,4.75,synthetic_census_2011_based
MUM-W019,Mumbai,45572,5440,6757,33374,0.1194,0.1483,0.7323,800000,1.0,0.65,3.11,synthetic_census_2011_based
MUM-W020,Mumbai,26109,3976,5978,16153,0.1523,0.229,0.6187,172217,0.1516,0.7549,3.42,synthetic_census_2011_based
MUM-W021,Mumbai,24078,1785,3303,18989,0.0741,0.1372,0.7887,200421,0.1898,0.6553,3.62,synthetic_census_2011_based
MUM-W022,Mumbai,17880,1499,3560,12820,0.0839,0.1991,0.717,94371,0.0464,0.6971,3.91,synthetic_census_2011_based
MUM-W023,Mumbai,56023,8639,10568,36815,0.1542,0.1886,0.6571,60000,0.0,0.8511,3.11,synthetic_census_2011_based
MUM-W024,Mumbai,24520,1566,6283,16670,0.0639,0.2563,0.6799,87386,0.037,0.7683,3.06,synthetic_census_2011_based
MUM-W025,Mumbai,20806,2329,5151,13325,0.1119,0.2476,0.6404,62005,0.0027,0.7544,3.54,synthetic_census_2011_based
MUM-W026,Mumbai,21779,2149,3244,16384,0.0987,0.149,0.7523,60000,0.0,0.65,4.27,synthetic_census_2011_based
MUM-W027,Mumbai,37026,2827,4723,29474,0.0764,0.1276,0.796,444920,0.5202,0.9112,3.26,synthetic_census_2011_based
MUM-W028,Mumbai,33498,4196,4530,24770,0.1253,0.1353,0.7395,161297,0.1369,0.7956,4.11,synthetic_census_2011_based
MUM-W029,Mumbai,34462,941,13508,20012,0.0273,0.392,0.5807,173820,0.1538,0.7746,5.05,synthetic_census_2011_based
MUM-W030,Mumbai,34838,3422,5833,25581,0.0982,0.1674,0.7343,107332,0.064,0.8493,3.16,synthetic_census_2011_based
MUM-W031,Mumbai,97244,13123,12474,71646,0.135,0.1283,0.7368,118064,0.0785,0.6997,4.03,synthetic_census_2011_based
MUM-W032,Mumbai,21081,1692,6665,12722,0.0803,0.3162,0.6035,261760,0.2726,0.6519,5.02,synthetic_census_2011_based
MUM-W033,Mumbai,19784,2024,3246,14513,0.1023,0.1641,0.7336,130269,0.095,0.8898,3.87,synthetic_census_2011_based
MUM-W034,Mumbai,16510,1319,2805,12385,0.0799,0.1699,0.7502,193200,0.18,0.8311,3.74,synthetic_census_2011_based
MUM-W035,Mumbai,38932,2403,6997,29530,0.0617,0.1797,0.7585,116168,0.0759,0.8399,5.13,synthetic_census_2011_based
MUM-W036,Mumbai,52964,1356,12474,39133,0.0256,0.2355,0.7389,104871,0.0606,0.8937,3.96,synthetic_census_2011_based
MUM-W037,Mumbai,25125,875,7718,16531,0.0348,0.3072,0.658,60000,0.0,0.9623,5.08,synthetic_census_2011_based
MUM-W038,Mumbai,16250,2089,2546,11614,0.1286,0.1567,0.7147,60000,0.0,0.9172,4.54,synthetic_census_2011_based
MUM-W039,Mumbai,16404,4439,4447,7516,0.2707,0.2711,0.4582,110957,0.0689,0.904,3.93,synthetic_census_2011_based
MUM-W040,Mumbai,39749,1689,10359,27699,0.0425,0.2606,0.6969,138627,0.1063,0.9474,4.58,synthetic_census_2011_based
MUM-W041,Mumbai,42022,1367,7467,33186,0.0325,0.1777,0.7897,60000,0.0,0.8662,4.46,synthetic_census_2011_based
MUM-W042,Mumbai,37268,4727,10119,22421,0.1268,0.2715,0.6016,130075,0.0947,0.8854,5.02,synthetic_census_2011_based
MUM-W043,Mumbai,18046,1251,5588,11206,0.0694,0.3097,0.621,138361,0.1059,0.8547,3.76,synthetic_census_2011_based
MUM-W044,Mumbai,30924,2350,6764,21809,0.076,0.2187,0.7053,60000,0.0,0.8887,4.23,synthetic_census_2011_based
MUM-W045,Mumbai,28854,1236,11970,15646,0.0429,0.4149,0.5423,70221,0.0138,0.8537,4.15,synthetic_census_2011_based
MUM-W046,Mumbai,30675,1798,10009,18867,0.0586,0.3263,0.6151,177208,0.1584,0.7174,4.76,synthetic_census_2011_based
MUM-W047,Mumbai,45381,6585,11549,27245,0.1451,0.2545,0.6004,174720,0.155,0.7511,3.38,synthetic_census_2011_based
MUM-W048,Mumbai,30765,218,10406,20139,0.0071,0.3383,0.6546,60000,0.0,0.7636,5.01,synthetic_census_2011_based
MUM-W049,Mumbai,40430,2648,13515,24266,0.0655,0.3343,0.6002,148882,0.1201,0.7298,4.57,synthetic_census_2011_based
MUM-W050,Mumbai,28016,1298,2556,24161,0.0463,0.0912,0.8624,272579,0.2873,0.8631,3.15,synthetic_census_2011_based
MUM-W051,Mumbai,31999,2812,2872,26314,0.0879,0.0898,0.8223,229567,0.2291,0.8729,5.17,synthetic_census_2011_based
MUM-W052,Mumbai,39291,1362,5153,32775,0.0347,0.1312,0.8342,124654,0.0874,0.7574,5.99,synthetic_census_2011_based
MUM-W053,Mumbai,11222,339,3656,7226,0.0302,0.3258,0.6439,96030,0.0487,0.7849,5.0,synthetic_census_2011_based
MUM-W054,Mumbai,22207,1262,3946,16998,0.0568,0.1777,0.7655,85772,0.0348,0.9345,5.34,synthetic_census_2011_based
MUM-W055,Mumbai,20287,1195,2308,16782,0.0589,0.1138,0.8273,184882,0.1688,0.7159,4.27,synthetic_census_2011_based
MUM-W056,Mumbai,18336,1105,2917,14313,0.0603,0.1591,0.7806,152752,0.1253,0.8424,2.87,synthetic_census_2011_based
MUM-W057,Mumbai,22809,1096,5425,16286,0.0481,0.2379,0.7141,207022,0.1987,0.7217,2.72,synthetic_census_2011_based
MUM-W058,Mumbai,65970,8988,17745,39235,0.1362,0.269,0.5948,146138,0.1164,0.7735,4.4,synthetic_census_2011_based
MUM-W059,Mumbai,16002,3009,2553,10439,0.1881,0.1595,0.6524,236365,0.2383,0.7734,3.73,synthetic_census_2011_based
MUM-W060,Mumbai,48096,5962,12514,29619,0.124,0.2602,0.6158,142374,0.1113,0.8634,3.47,synthetic_census_2011_based
MUM-W061,Mumbai,9801,1145,2651,6003,0.1169,0.2706,0.6126,230794,0.2308,0.7713,4.15,synthetic_census_2011_based
MUM-W062,Mumbai,22005,734,7991,13278,0.0334,0.3632,0.6034,245137,0.2502,0.7584,4.69,synthetic_census_2011_based
MUM-W063,Mumbai,29662,3720,6818,19122,0.1254,0.2299,0.6447,75874,0.0215,0.8921,3.04,synthetic_census_2011_based
MUM-W064,Mumbai,38243,1934,18410,17897,0.0506,0.4814,0.468,60000,0.0,0.8263,3.84,synthetic_census_2011_based
MUM-W065,Mumbai,41222,5360,7955,27906,0.13,0.193,0.677,392560,0.4494,0.7855,5.41,synthetic_census_2011_based
MUM-W066,Mumbai,43304,3547,6944,32812,0.0819,0.1604,0.7577,159477,0.1344,0.8368,3.34,synthetic_census_2011_based
MUM-W067,Mumbai,21823,1759,6658,13405,0.0806,0.3051,0.6143,60000,0.0,0.8838,4.9,synthetic_census_2011_based
MUM-W068,Mumbai,20385,722,7554,12108,0.0354,0.3706,0.594,80848,0.0282,0.7812,3.81,synthetic_census_2011_based
MUM-W069,Mumbai,45016,6207,5417,33390,0.1379,0.1204,0.7417,228733,0.228,0.8485,4.64,synthetic_census_2011_based
MUM-W070,Mumbai,23985,2005,3615,18364,0.0836,0.1507,0.7657,109559,0.067,0.9132,5.08,synthetic_census_2011_based
MUM-W071,Mumbai,12513,125,2978,9409,0.01,0.238,0.7519,93111,0.0447,0.8195,4.79,synthetic_census_2011_based
MUM-W072,Mumbai,13629,1076,4431,8120,0.079,0.3252,0.5958,355264,0.399,0.8829,4.93,synthetic_census_2011_based
MUM-W073,Mumbai,15495,3790,1876,9828,0.2446,0.1211,0.6343,64016,0.0054,0.8542,3.28,synthetic_census_2011_based
MUM-W074,Mumbai,36253,737,7960,27554,0.0203,0.2196,0.7601,76213,0.0219,0.9478,5.09,synthetic_census_2011_based
MUM-W075,Mumbai,29303,2983,10932,15386,0.1018,0.3731,0.5251,154503,0.1277,0.7449,3.52,synthetic_census_2011_based
MUM-W076,Mumbai,40712,5767,10130,24813,0.1417,0.2488,0.6095,175136,0.1556,0.868,4.41,synthetic_census_2011_based
MUM-W077,Mumbai,20819,2460,4189,14169,0.1182,0.2012,0.6806,188610,0.1738,0.9231,4.41,synthetic_census_2011_based
MUM-W078,Mumbai,29587,4366,10583,14637,0.1476,0.3577,0.4947,252171,0.2597,0.8084,4.59,synthetic_census_2011_based
MUM-W079,Mumbai,39157,2426,11020,25709,0.062,0.2815,0.6566,153124,0.1258,0.8357,4.47,synthetic_census_2011_based
MUM-W080,Mumbai,22345,510,6937,14897,0.0228,0.3105,0.6667,187694,0.1726,0.9014,3.52,synthetic_census_2011_based
MUM-W081,Mumbai,35385,369,12897,22118,0.0104,0.3645,0.6251,111140,0.0691,0.8046,3.12,synthetic_census_2011_based
MUM-W082,Mumbai,18085,1596,4833,11654,0.0883,0.2673,0.6444,139230,0.1071,0.7637,4.9,synthetic_census_2011_based
MUM-W083,Mumbai,21637,1576,4259,15801,0.0729,0.1969,0.7303,143669,0.1131,0.8293,4.35,synthetic_census_2011_based
MUM-W084,Mumbai,21395,1859,5784,13750,0.0869,0.2704,0.6427,154905,0.1282,0.8449,5.12,synthetic_census_2011_based
MUM-W085,Mumbai,13127,1033,3192,8901,0.0787,0.2432,0.6781,228839,0.2282,0.7727,4.16,synthetic_census_2011_based
MUM-W086,Mumbai,36032,1118,6129,28784,0.031,0.1701,0.7989,196536,0.1845,0.7596,3.08,synthetic_census_2011_based
MUM-W087,Mumbai,20299,1390,8805,10103,0.0685,0.4338,0.4977,137441,0.1046,0.8938,4.97,synthetic_census_2011_based
MUM-W088,Mumbai,27105,3346,7082,16675,0.1235,0.2613,0.6152,75630,0.0211,0.9102,3.9,synthetic_census_2011_based
MUM-W089,Mumbai,35898,4642,11428,19827,0.1293,0.3184,0.5523,139716,0.1077,0.8781,4.47,synthetic_census_2011_based
MUM-W090,Mumbai,35168,2898,9574,22694,0.0824,0.2723,0.6453,130664,0.0955,0.7223,3.68,synthetic_census_2011_based
MUM-W091,Mumbai,40103,6165,4423,29514,0.1537,0.1103,0.736,152546,0.1251,0.9107,5.52,synthetic_census_2011_based
MUM-W092,Mumbai,25359,1339,6451,17567,0.0528,0.2544,0.6928,624413,0.7627,0.8461,3.5,synthetic_census_2011_based
MUM-W093,Mumbai,20869,601,3506,16761,0.0288,0.168,0.8032,92351,0.0437,0.8727,3.93,synthetic_census_2011_based
MUM-W094,Mumbai,25646,555,3826,21263,0.0217,0.1492,0.8291,179082,0.1609,0.7901,4.29,synthetic_census_2011_based
MUM-W095,Mumbai,9775,678,2095,7000,0.0694,0.2144,0.7162,281510,0.2993,0.8766,3.33,synthetic_census_2011_based
MUM-W096,Mumbai,11290,551,2264,8473,0.0488,0.2006,0.7506,142714,0.1118,0.814,4.46,synthetic_census_2011_based
MUM-W097,Mumbai,12165,967,4393,6803,0.0795,0.3612,0.5593,684532,0.844,0.8051,5.49,synthetic_census_2011_based
MUM-W098,Mumbai,14789,604,2627,11557,0.0409,0.1776,0.7815,102270,0.0571,0.65,3.81,synthetic_census_2011_based
MUM-W099,Mumbai,34196,773,5540,27882,0.0226,0.162,0.8154,167186,0.1448,0.8248,4.52,synthetic_census_2011_based
MUM-W100,Mumbai,15626,433,2725,12467,0.0277,0.1744,0.7978,76178,0.0219,0.8779,2.5,synthetic_census_2011_based
MUM-W101,Mumbai,21441,2604,6195,12641,0.1215,0.2889,0.5896,104185,0.0597,0.8877,4.17,synthetic_census_2011_based
MUM-W102,Mumbai,58661,3021,11782,43856,0.0515,0.2009,0.7476,158617,0.1333,0.7595,3.95,synthetic_census_2011_based
MUM-W103,Mumbai,21725,2239,6306,13179,0.1031,0.2903,0.6066,240966,0.2445,0.8665,3.55,synthetic_census_2011_based
MUM-W104,Mumbai,41877,1066,8804,32005,0.0255,0.2103,0.7643,166602,0.1441,0.8393,5.07,synthetic_census_2011_based
MUM-W105,Mumbai,15364,902,2145,12316,0.0587,0.1396,0.8016,321701,0.3536,0.8028,3.94,synthetic_census_2011_based
MUM-W106,Mumbai,23783,1379,3999,18403,0.058,0.1682,0.7738,124682,0.0874,0.8577,4.06,synthetic_census_2011_based
MUM-W107,Mumbai,15214,246,2229,12738,0.0162,0.1465,0.8373,105607,0.0616,0.791,3.9,synthetic_census_2011_based
MUM-W108,Mumbai,21951,1144,4229,16576,0.0521,0.1927,0.7552,800000,1.0,0.9386,2.67,synthetic_census_2011_based
MUM-W109,Mumbai,44541,1221,6713,36605,0.0274,0.1507,0.8218,175600,0.1562,0.8196,3.29,synthetic_census_2011_based
MUM-W110,Mumbai,9543,1353,2850,5338,0.1419,0.2987,0.5594,80528,0.0277,0.8476,4.97,synthetic_census_2011_based
MUM-W111,Mumbai,34914,4152,6732,24028,0.1189,0.1928,0.6882,81962,0.0297,0.8814,2.51,synthetic_census_2011_based
MUM-W112,Mumbai,31027,5758,3049,22219,0.1856,0.0983,0.7161,68880,0.012,0.8739,3.59,synthetic_census_2011_based
MUM-W113,Mumbai,18835,725,4568,13540,0.0385,0.2426,0.7189,256683,0.2658,0.7027,3.88,synthetic_census_2011_based
MUM-W114,Mumbai,11297,244,2490,8562,0.0216,0.2205,0.7579,103252,0.0584,0.9168,5.59,synthetic_census_2011_based
MUM-W115,Mumbai,28093,3600,8629,15863,0.1282,0.3072,0.5647,145677,0.1158,0.8183,4.81,synthetic_census_2011_based
MUM-W116,Mumbai,19580,1557,2573,15449,0.0795,0.1314,0.7891,127458,0.0912,0.667,3.75,synthetic_census_2011_based
MUM-W117,Mumbai,30933,2466,7243,21223,0.0797,0.2342,0.6861,222358,0.2194,0.86,5.24,synthetic_census_2011_based
MUM-W118,Mumbai,27258,4159,2897,20201,0.1526,0.1063,0.7411,73664,0.0185,0.907,3.61,synthetic_census_2011_based
MUM-W119,Mumbai,70337,8651,5952,55733,0.123,0.0846,0.7924,62761,0.0037,0.8172,5.01,synthetic_census_2011_based
MUM-W120,Mumbai,23304,1740,5606,15956,0.0747,0.2406,0.6847,155905,0.1296,0.8321,3.11,synthetic_census_2011_based
MUM-W121,Mumbai,14558,923,2723,10910,0.0635,0.1871,0.7494,202941,0.1932,0.8272,5.06,synthetic_census_2011_based
MUM-W122,Mumbai,29958,923,10351,18683,0.0308,0.3455,0.6237,168177,0.1462,0.65,3.88,synthetic_census_2011_based
MUM-W123,Mumbai,30699,884,4768,25045,0.0288,0.1553,0.8159,75612,0.0211,0.7485,3.38,synthetic_census_2011_based
MUM-W124,Mumbai,60810,2387,15311,43111,0.0393,0.2518,0.7089,214108,0.2083,0.8051,4.03,synthetic_census_2011_based
MUM-W125,Mumbai,44403,3856,12662,27883,0.0868,0.2852,0.628,79165,0.0259,0.7511,4.42,synthetic_census_2011_based
MUM-W126,Mumbai,33326,2821,4981,25523,0.0847,0.1495,0.7659,92496,0.0439,0.9407,3.8,synthetic_census_2011_based
MUM-W127,Mumbai,64730,3791,16284,44653,0.0586,0.2516,0.6898,68818,0.0119,0.8969,4.64,synthetic_census_2011_based
MUM-W128,Mumbai,13183,140,2350,10691,0.0106,0.1783,0.811,331310,0.3666,0.83,3.73,synthetic_census_2011_based
MUM-W129,Mumbai,18327,1936,4325,12065,0.1057,0.236,0.6583,207605,0.1995,0.8573,4.7,synthetic_census_2011_based
MUM-W130,Mumbai,15429,1331,3191,10906,0.0863,0.2068,0.7069,203515,0.1939,0.9164,4.55,synthetic_census_2011_based
MUM-W131,Mumbai,21292,1603,3287,16401,0.0753,0.1544,0.7703,319032,0.35,0.844,4.15,synthetic_census_2011_based
MUM-W132,Mumbai,11777,192,2102,9481,0.0164,0.1786,0.8051,800000,1.0,0.8541,3.85,synthetic_census_2011_based
MUM-W133,Mumbai,39383,1329,7055,30997,0.0338,0.1792,0.7871,60000,0.0,0.8586,4.32,synthetic_census_2011_based
MUM-W134,Mumbai,23544,4469,3793,15280,0.1899,0.1611,0.649,79470,0.0263,0.8616,4.64,synthetic_census_2011_based
MUM-W135,Mumbai,11131,978,2392,7760,0.0879,0.2149,0.6972,86567,0.0359,0.8661,5.85,synthetic_census_2011_based
MUM-W136,Mumbai,14627,3015,2882,8729,0.2062,0.197,0.5968,73454,0.0182,0.7206,4.95,synthetic_census_2011_based
MUM-W137,Mumbai,32471,2776,5166,24528,0.0855,0.1591,0.7554,62673,0.0036,0.7812,4.98,synthetic_census_2011_based
MUM-W138,Mumbai,44483,4656,9470,30356,0.1047,0.2129,0.6824,108038,0.0649,0.8698,6.67,synthetic_census_2011_based
MUM-W139,Mumbai,89146,8600,17144,63400,0.0965,0.1923,0.7112,60000,0.0,0.8553,4.61,synthetic_census_2011_based
MUM-W140,Mumbai,150000,25114,26099,98785,0.1674,0.174,0.6586,168472,0.1466,0.7428,4.59,synthetic_census_2011_based
MUM-W141,Mumbai,34497,3077,6027,25392,0.0892,0.1747,0.7361,138162,0.1056,0.834,4.76,synthetic_census_2011_based
MUM-W142,Mumbai,14857,1130,2325,11400,0.0761,0.1565,0.7674,186599,0.1711,0.7986,3.39,synthetic_census_2011_based
MUM-W143,Mumbai,7485,1250,2736,3498,0.1671,0.3656,0.4674,190119,0.1758,0.7144,3.84,synthetic_census_2011_based
MUM-W144,Mumbai,31590,2868,8763,19957,0.0908,0.2774,0.6318,203232,0.1936,0.9144,3.8,synthetic_census_2011_based
MUM-W145,Mumbai,16518,648,5777,10092,0.0392,0.3498,0.611,102602,0.0576,0.8067,4.72,synthetic_census_2011_based
MUM-W146,Mumbai,20968,284,6451,14232,0.0136,0.3077,0.6788,588187,0.7138,0.7439,4.06,synthetic_census_2011_based
MUM-W147,Mumbai,18633,2746,3644,12242,0.1474,0.1956,0.657,157015,0.1311,0.9125,4.31,synthetic_census_2011_based
MUM-W148,Mumbai,24723,1779,5506,17437,0.072,0.2227,0.7053,60000,0.0,0.7212,5.07,synthetic_census_2011_based
MUM-W149,Mumbai,51000,3802,4137,43060,0.0746,0.0811,0.8443,66061,0.0082,0.8545,4.89,synthetic_census_2011_based
MUM-W150,Mumbai,29561,1800,7067,20692,0.0609,0.2391,0.7,60000,0.0,0.8653,4.07,synthetic_census_2011_based
MUM-W151,Mumbai,24460,1240,5211,18008,0.0507,0.2131,0.7362,134879,0.1012,0.7387,3.66,synthetic_census_2011_based
MUM-W152,Mumbai,14452,1369,1341,11740,0.0947,0.0928,0.8124,122361,0.0843,0.951,5.11,synthetic_census_2011_based
MUM-W153,Mumbai,9849,430,1876,7542,0.0437,0.1905,0.7658,95999,0.0486,0.8363,4.82,synthetic_census_2011_based
MUM-W154,Mumbai,20094,1209,8133,10751,0.0602,0.4048,0.5351,544513,0.6547,0.9314,2.91,synthetic_census_2011_based
MUM-W155,Mumbai,26048,2926,3736,19384,0.1123,0.1435,0.7442,195690,0.1834,0.7823,3.95,synthetic_census_2011_based
MUM-W156,Mumbai,77711,3530,24208,49972,0.0454,0.3115,0.6431,221520,0.2183,0.7741,4.33,synthetic_census_2011_based
MUM-W157,Mumbai,29090,3968,4302,20819,0.1364,0.1479,0.7157,69442,0.0128,0.8426,4.82,synthetic_census_2011_based
MUM-W158,Mumbai,48515,7874,17805,22835,0.1623,0.367,0.4707,66210,0.0084,0.8563,4.93,synthetic_census_2011_based
MUM-W159,Mumbai,19938,6233,3769,9934,0.3127,0.189,0.4983,136730,0.1037,0.8848,4.43,synthetic_census_2011_based
MUM-W160,Mumbai,13214,643,2233,10336,0.0487,0.169,0.7823,150407,0.1222,0.7736,4.67,synthetic_census_2011_based
MUM-W161,Mumbai,15077,1179,6629,7267,0.0782,0.4397,0.482,60000,0.0,0.9309,4.25,synthetic_census_2011_based
MUM-W162,Mumbai,17411,629,2756,14024,0.0361,0.1583,0.8055,117452,0.0776,0.8054,3.66,synthetic_census_2011_based
MUM-W163,Mumbai,96479,5567,21543,69367,0.0577,0.2233,0.719,134571,0.1008,0.7868,3.99,synthetic_census_2011_based
MUM-W164,Mumbai,16434,760,5295,10377,0.0463,0.3223,0.6315,114622,0.0738,0.9698,4.22,synthetic_census_2011_based
MUM-W165,Mumbai,44493,6824,4852,32816,0.1534,0.1091,0.7376,75404,0.0208,0.7636,4.17,synthetic_census_2011_based
MUM-W166,Mumbai,15650,1201,1350,13098,0.0768,0.0863,0.8369,91338,0.0423,0.8412,2.69,synthetic_census_2011_based
MUM-W167,Mumbai,47048,4784,10376,31887,0.1017,0.2205,0.6778,117735,0.078,0.7269,3.88,synthetic_census_2011_based
MUM-W168,Mumbai,33893,876,6437,26578,0.0259,0.1899,0.7842,141996,0.1108,0.8587,4.24,synthetic_census_2011_based
MUM-W169,Mumbai,24489,1060,3954,19473,0.0433,0.1615,0.7952,203486,0.1939,0.7801,3.97,synthetic_census_2011_based
MUM-W170,Mumbai,26253,1756,6900,17596,0.0669,0.2628,0.6703,283963,0.3027,0.65,4.0,synthetic_census_2011_based
MUM-W171,Mumbai,18162,1637,3175,13348,0.0902,0.1748,0.735,108440,0.0655,0.6881,4.59,synthetic_census_2011_based
MUM-W172,Mumbai,35159,2719,3006,29433,0.0773,0.0855,0.8372,96827,0.0498,0.7999,3.34,synthetic_census_2011_based
MUM-W173,Mumbai,20476,1268,2987,16220,0.0619,0.1459,0.7922,181019,0.1635,0.7531,2.9,synthetic_census_2011_based
MUM-W174,Mumbai,12895,499,2108,10286,0.0388,0.1635,0.7977,204350,0.1951,0.8725,3.92,synthetic_census_2011_based
MUM-W175,Mumbai,12496,1243,2885,8366,0.0995,0.231,0.6696,98327,0.0518,0.6797,4.81,synthetic_census_2011_based
MUM-W176,Mumbai,29838,4670,10318,14848,0.1565,0.3458,0.4977,231717,0.232,0.9141,5.55,synthetic_census_2011_based
MUM-W177,Mumbai,69386,5586,13705,50093,0.0805,0.1975,0.722,264529,0.2764,0.8361,4.83,synthetic_census_2011_based
MUM-W178,Mumbai,29613,2009,6705,20898,0.0679,0.2264,0.7057,329120,0.3637,0.7275,3.03,synthetic_census_2011_based
MUM-W179,Mumbai,25054,1495,3606,19951,0.0597,0.144,0.7963,462695,0.5442,0.861,4.01,synthetic_census_2011_based
MUM-W180,Mumbai,31936,3433,5406,23096,0.1075,0.1693,0.7232,72657,0.0171,0.885,4.41,synthetic_census_2011_based
MUM-W181,Mumbai,58900,6972,6700,45226,0.1184,0.1138,0.7679,134555,0.1008,0.8132,4.34,synthetic_census_2011_based
MUM-W182,Mumbai,30688,2833,6159,21694,0.0923,0.2007,0.7069,134308,0.1004,0.9097,4.63,synthetic_census_2011_based
MUM-W183,Mumbai,21024,1750,2715,16558,0.0832,0.1291,0.7876,124411,0.087,0.7616,3.47,synthetic_census_2011_based
MUM-W184,Mumbai,52248,870,7795,43581,0.0167,0.1492,0.8341,84585,0.0332,0.757,4.25,synthetic_census_2011_based
MUM-W185,Mumbai,34795,1680,9856,23258,0.0483,0.2833,0.6684,60000,0.0,0.9257,4.54,synthetic_census_2011_based
MUM-W186,Mumbai,67606,3728,17035,46841,0.0551,0.252,0.6929,142183,0.1111,0.9056,4.86,synthetic_census_2011_based
MUM-W187,Mumbai,30029,1055,6407,22566,0.0351,0.2134,0.7515,77819,0.0241,0.9354,3.56,synthetic_census_2011_based
MUM-W188,Mumbai,12904,738,866,11298,0.0573,0.0672,0.8756,141519,0.1102,0.7215,3.92,synthetic_census_2011_based
MUM-W189,Mumbai,11838,736,946,10155,0.0622,0.08,0.8579,76432,0.0222,0.8737,2.5,synthetic_census_2011_based
MUM-W190,Mumbai,72443,2082,14944,55416,0.0287,0.2063,0.765,61712,0.0023,0.8713,3.7,synthetic_census_2011_based
MUM-W191,Mumbai,75674,1664,15373,58635,0.022,0.2032,0.7748,157001,0.1311,0.7535,3.78,synthetic_census_2011_based
MUM-W192,Mumbai,24156,1891,5786,16477,0.0783,0.2396,0.6821,148100,0.1191,0.7987,3.38,synthetic_census_2011_based
MUM-W193,Mumbai,21377,560,3323,17492,0.0262,0.1555,0.8183,199884,0.189,0.7486,4.33,synthetic_census_2011_based
MUM-W194,Mumbai,64657,5755,6956,51945,0.089,0.1076,0.8034,615447,0.7506,0.8212,4.16,synthetic_census_2011_based
MUM-W195,Mumbai,13846,820,3451,9573,0.0593,0.2493,0.6914,161797,0.1376,0.8502,2.5,synthetic_census_2011_based
MUM-W196,Mumbai,15727,1251,3197,11277,0.0796,0.2033,0.7171,187129,0.1718,0.8345,4.37,synthetic_census_2011_based
MUM-W197,Mumbai,39576,2177,16699,20698,0.055,0.422,0.523,62674,0.0036,0.8395,3.46,synthetic_census_2011_based
MUM-W198,Mumbai,21231,2163,691,18375,0.1019,0.0326,0.8655,60000,0.0,0.7369,4.59,synthetic_census_2011_based
MUM-W199,Mumbai,26820,911,2573,23335,0.034,0.0959,0.8701,403519,0.4642,0.7992,3.17,synthetic_census_2011_based
MUM-W200,Mumbai,24390,813,8915,14661,0.0333,0.3655,0.6011,69812,0.0133,0.8245,4.22,synthetic_census_2011_based
MUM-W201,Mumbai,32943,1853,3992,27097,0.0563,0.1212,0.8225,64166,0.0056,0.8012,3.97,synthetic_census_2011_based
MUM-W202,Mumbai,62598,8500,8750,45346,0.1358,0.1398,0.7244,129654,0.0941,0.8335,4.44,synthetic_census_2011_based
MUM-W203,Mumbai,28405,286,11551,16567,0.0101,0.4067,0.5832,125099,0.088,0.8958,4.3,synthetic_census_2011_based
MUM-W204,Mumbai,39591,5932,5862,27796,0.1498,0.1481,0.7021,70844,0.0147,0.7762,4.0,synthetic_census_2011_based
MUM-W205,Mumbai,7862,352,902,6607,0.0448,0.1147,0.8404,107636,0.0644,0.9193,2.97,synthetic_census_2011_based
MUM-W206,Mumbai,26128,3528,2544,20054,0.1351,0.0974,0.7676,315074,0.3447,0.9209,3.02,synthetic_census_2011_based
MUM-W207,Mumbai,16220,2006,4173,10040,0.1237,0.2573,0.619,75796,0.0213,0.7469,3.73,synthetic_census_2011_based
MUM-W208,Mumbai,12948,778,2273,9896,0.0601,0.1756,0.7643,60000,0.0,0.707,4.19,synthetic_census_2011_based
MUM-W209,Mumbai,15884,439,2995,12448,0.0277,0.1886,0.7837,257768,0.2673,0.8641,3.71,synthetic_census_2011_based
MUM-W210,Mumbai,22016,533,3842,17640,0.0242,0.1745,0.8012,188077,0.1731,0.8394,4.7,synthetic_census_2011_based
MUM-W211,Mumbai,46608,3742,8118,34747,0.0803,0.1742,0.7455,86304,0.0355,0.8804,3.98,synthetic_census_2011_based
MUM-W212,Mumbai,12138,733,1649,9755,0.0604,0.1359,0.8037,60000,0.0,0.8569,3.43,synthetic_census_2011_based
MUM-W213,Mumbai,27402,698,7125,19578,0.0255,0.26,0.7145,79123,0.0258,0.8871,3.98,synthetic_census_2011_based
MUM-W214,Mumbai,20120,1340,5503,13276,0.0666,0.2735,0.6599,128246,0.0922,0.8126,4.38,synthetic_census_2011_based
MUM-W215,Mumbai,22101,658,4440,17001,0.0298,0.2009,0.7693,301332,0.3261,0.8614,4.46,synthetic_census_2011_based
MUM-W216,Mumbai,49101,2283,9974,36843,0.0465,0.2031,0.7504,64498,0.0061,0.7621,5.7,synthetic_census_2011_based
MUM-W217,Mumbai,37155,3424,7894,25836,0.0922,0.2125,0.6954,125597,0.0886,0.8057,3.66,synthetic_census_2011_based
MUM-W218,Mumbai,60020,1299,14619,44101,0.0217,0.2436,0.7348,213758,0.2078,0.8149,4.14,synthetic_census_2011_based
MUM-W219,Mumbai,24521,1027,10514,12978,0.0419,0.4288,0.5293,60000,0.0,0.8524,4.54,synthetic_census_2011_based
MUM-W220,Mumbai,17719,1131,3305,13282,0.0638,0.1865,0.7496,274759,0.2902,0.686,4.18,synthetic_census_2011_based
MUM-W221,Mumbai,23521,3012,2704,17803,0.1281,0.115,0.7569,60000,0.0,0.6763,3.8,synthetic_census_2011_based
MUM-W222,Mumbai,31116,2724,11012,17378,0.0876,0.3539,0.5585,168113,0.1461,0.8091,2.96,synthetic_census_2011_based
MUM-W223,Mumbai,29909,1066,7486,21356,0.0356,0.2503,0.7141,158368,0.1329,0.8058,3.79,synthetic_census_2011_based
MUM-W224,Mumbai,14035,890,3987,9156,0.0635,0.2841,0.6524,284705,0.3037,0.8051,3.34,synthetic_census_2011_based
MUM-W225,Mumbai,28404,2310,7687,18406,0.0813,0.2706,0.648,195956,0.1837,0.8209,2.82,synthetic_census_2011_based
MUM-W226,Mumbai,30851,1216,2060,27573,0.0394,0.0668,0.8938,60000,0.0,0.7556,3.56,synthetic_census_2011_based
MUM-W227,Mumbai,121842,7966,22724,91151,0.0654,0.1865,0.7481,76930,0.0229,0.8258,3.36,synthetic_census_2011_based
